val_accuracy,val_loss,confidence,train_accuracy,train_loss,used_train_classes,used_val_classes,timestamp,checkpoint_dir_name,should_checkpoint,done,training_iteration,trial_id,date,time_this_iter_s,time_total_s,pid,hostname,node_ip,time_since_restore,iterations_since_restore
48.00000120699406,8.776786804199219,3.6772860659159123,0.46600005,24.61655,"{'GR_Severing_of_the_prostate_from_the_urethra', 'HC_Extra-abdominal_preparation_of_anastomosis', 'CA_Lens_implant_setting-up', 'GR_Bladder_neck_reconstruction', 'HC_General_preparation_and_orientation_in_the_abdomen', 'CA_Hydrodissection', 'GR_Bladder_neck_identification_and_transection', 'CA_Viscous_agent_removal', 'GR_Developing_the_Space_of_Retzius', 'GR_Prostatic_pedicle_control', 'GR_Idle', 'GR_Left_pelvic_isolated_lymphadenectomy', 'HC_Intra-abdominal_preparation_of_anastomosis', 'LH_Dividing_Uterine_Vessels_and_Ligament', 'LH_Specimen_Removal', 'HC_Dissection_and_resection_of_the_rectum', 'HC_Dissection_of_lymph_nodes_and_blood_vessels_en_bloc', 'HC_Mobilization_of_splenic_flexure', 'LH_Dividing_Ligament_and_Peritoneum', 'LH_Suturing', 'CA_Viscous_agent_injection', 'CA_Incision', 'HC_Exception', 'GR_Right_pelvic_isolated_lymphadenectomy', 'HC_Finalization_of_operation', 'LH_Washing', 'CA_Irrigation_and_aspiration', 'LH_Preparation', 'CA_Tonifying_and_antibiotics', 'HC_Mobilization_of_ascending_colon', 'GR_Ligation_of_the_deep_dorsal_venous_complex', 'HC_Mobilization_of_transverse_colon', 'CA_Rhexis', 'HC_Retroperitoneal_preparation_towards_lower_pancreatic_border', 'CA_Phacoemulsificiation', 'CA_Capsule_Polishing', 'GR_Development_of_the_plane_between_the_prostate_and_rectum', 'HC_Mobilization_of_sigmoid_colon_and_descending_colon', 'GR_Seminal_vesicle_dissection'}","{'HCH_Galbladder_Dissection', 'HCH_Cleaning_Coagulation', 'M2_Trocar_Placement', 'M2_Clipping_Cutting', 'M2_Preparation', 'HCH_Calot_Triangle_Dissection', 'HCH_Galbladder_Retraction', 'HCH_Preparation', 'M2_Calot_Triangle_Dissection', 'M2_Gallbladder_Dissection', 'M2_Cleaning_Coagulation', 'M2_Gallbladder_Retraction', 'HCH_Galbladder_Packaging', 'HCH_Clipping_Cutting', 'M2_Gallbladder_Packaging'}",1716734326,checkpoint_000000,True,False,1,62b39_00000,2024-05-26_16-38-46,967.2760400772095,967.2760400772095,1762169,fb-OMEN-by-HP-45L-Gaming-Desktop-GT22-0xxx,129.69.82.151,967.2760400772095,1
48.80000124871731,6.623159408569336,4.123273683577245,0.47399998,7.645092,"{'HC_Extra-abdominal_preparation_of_anastomosis', 'GR_Bladder_neck_reconstruction', 'CA_Hydrodissection', 'HC_Creation_of_stoma', 'GR_Bladder_neck_identification_and_transection', 'CA_Viscous_agent_removal', 'GR_Developing_the_Space_of_Retzius', 'GR_Prostatic_pedicle_control', 'GR_Idle', 'GR_Left_pelvic_isolated_lymphadenectomy', 'HC_Intra-abdominal_preparation_of_anastomosis', 'LH_Dividing_Uterine_Vessels_and_Ligament', 'LH_Specimen_Removal', 'HC_Dissection_and_resection_of_the_rectum', 'HC_Dissection_of_lymph_nodes_and_blood_vessels_en_bloc', 'HC_Mobilization_of_splenic_flexure', 'LH_Dividing_Ligament_and_Peritoneum', 'LH_Suturing', 'CA_Viscous_agent_injection', 'CA_Incision', 'HC_Exception', 'GR_Right_pelvic_isolated_lymphadenectomy', 'CA_Irrigation_and_aspiration', 'LH_Washing', 'LH_Preparation', 'CA_Tonifying_and_antibiotics', 'HC_Mobilization_of_ascending_colon', 'GR_Ligation_of_the_deep_dorsal_venous_complex', 'HC_Retroperitoneal_preparation_towards_lower_pancreatic_border', 'CA_Phacoemulsificiation', 'CA_Capsule_Polishing', 'GR_Development_of_the_plane_between_the_prostate_and_rectum', 'HC_Mobilization_of_sigmoid_colon_and_descending_colon', 'GR_Seminal_vesicle_dissection', 'HC_Retroperitoneal_preparation_of_duodenum_and_pancreatic_head'}","{'HCH_Galbladder_Dissection', 'HCH_Cleaning_Coagulation', 'M2_Trocar_Placement', 'M2_Clipping_Cutting', 'M2_Preparation', 'HCH_Calot_Triangle_Dissection', 'HCH_Galbladder_Retraction', 'HCH_Preparation', 'M2_Calot_Triangle_Dissection', 'M2_Gallbladder_Dissection', 'M2_Cleaning_Coagulation', 'M2_Gallbladder_Retraction', 'HCH_Galbladder_Packaging', 'HCH_Clipping_Cutting', 'M2_Gallbladder_Packaging'}",1716734500,checkpoint_000001,True,False,2,62b39_00000,2024-05-26_16-41-40,173.94478178024292,1141.2208218574524,1762169,fb-OMEN-by-HP-45L-Gaming-Desktop-GT22-0xxx,129.69.82.151,1141.2208218574524,2
55.00000137090682,7.125423908233643,4.0120200034807185,0.542,5.4958453,"{'GR_Severing_of_the_prostate_from_the_urethra', 'HC_Extra-abdominal_preparation_of_anastomosis', 'CA_Lens_implant_setting-up', 'GR_Bladder_neck_reconstruction', 'HC_General_preparation_and_orientation_in_the_abdomen', 'CA_Hydrodissection', 'HC_Creation_of_stoma', 'GR_Bladder_neck_identification_and_transection', 'CA_Viscous_agent_removal', 'LH_Transecting_the_Vagina', 'GR_Developing_the_Space_of_Retzius', 'GR_Prostatic_pedicle_control', 'GR_Idle', 'GR_Left_pelvic_isolated_lymphadenectomy', 'HC_Intra-abdominal_preparation_of_anastomosis', 'LH_Dividing_Uterine_Vessels_and_Ligament', 'LH_Specimen_Removal', 'HC_Dissection_and_resection_of_the_rectum', 'HC_Mobilization_of_splenic_flexure', 'LH_Dividing_Ligament_and_Peritoneum', 'LH_Suturing', 'CA_Viscous_agent_injection', 'CA_Incision', 'GR_Right_pelvic_isolated_lymphadenectomy', 'CA_Irrigation_and_aspiration', 'LH_Washing', 'LH_Preparation', 'CA_Tonifying_and_antibiotics', 'HC_Mobilization_of_ascending_colon', 'GR_Ligation_of_the_deep_dorsal_venous_complex', 'CA_Rhexis', 'HC_Retroperitoneal_preparation_towards_lower_pancreatic_border', 'CA_Phacoemulsificiation', 'CA_Capsule_Polishing', 'GR_Development_of_the_plane_between_the_prostate_and_rectum', 'GR_Seminal_vesicle_dissection', 'HC_Retroperitoneal_preparation_of_duodenum_and_pancreatic_head'}","{'HCH_Galbladder_Dissection', 'HCH_Cleaning_Coagulation', 'M2_Trocar_Placement', 'M2_Clipping_Cutting', 'M2_Preparation', 'HCH_Calot_Triangle_Dissection', 'HCH_Galbladder_Retraction', 'HCH_Preparation', 'M2_Calot_Triangle_Dissection', 'M2_Gallbladder_Dissection', 'M2_Cleaning_Coagulation', 'M2_Gallbladder_Retraction', 'HCH_Galbladder_Packaging', 'HCH_Clipping_Cutting', 'M2_Gallbladder_Packaging'}",1716734619,checkpoint_000002,True,False,3,62b39_00000,2024-05-26_16-43-39,118.66496777534485,1259.8857896327972,1762169,fb-OMEN-by-HP-45L-Gaming-Desktop-GT22-0xxx,129.69.82.151,1259.8857896327972,3
51.40000127255917,6.187427043914795,3.6879264274527914,0.546,5.3404655,"{'GR_Severing_of_the_prostate_from_the_urethra', 'CA_Lens_implant_setting-up', 'GR_Bladder_neck_reconstruction', 'HC_General_preparation_and_orientation_in_the_abdomen', 'CA_Hydrodissection', 'HC_Creation_of_stoma', 'GR_Bladder_neck_identification_and_transection', 'CA_Viscous_agent_removal', 'LH_Transecting_the_Vagina', 'GR_Prostatic_pedicle_control', 'GR_Idle', 'GR_Left_pelvic_isolated_lymphadenectomy', 'HC_Intra-abdominal_preparation_of_anastomosis', 'LH_Dividing_Uterine_Vessels_and_Ligament', 'LH_Specimen_Removal', 'HC_Dissection_and_resection_of_the_rectum', 'HC_Dissection_of_lymph_nodes_and_blood_vessels_en_bloc', 'HC_Mobilization_of_splenic_flexure', 'LH_Dividing_Ligament_and_Peritoneum', 'LH_Suturing', 'CA_Viscous_agent_injection', 'CA_Incision', 'HC_Exception', 'HC_Finalization_of_operation', 'LH_Washing', 'CA_Irrigation_and_aspiration', 'LH_Preparation', 'CA_Tonifying_and_antibiotics', 'HC_Mobilization_of_ascending_colon', 'GR_Ligation_of_the_deep_dorsal_venous_complex', 'HC_Mobilization_of_transverse_colon', 'CA_Rhexis', 'HC_Retroperitoneal_preparation_towards_lower_pancreatic_border', 'CA_Phacoemulsificiation', 'CA_Capsule_Polishing', 'GR_Development_of_the_plane_between_the_prostate_and_rectum', 'HC_Mobilization_of_sigmoid_colon_and_descending_colon', 'GR_Seminal_vesicle_dissection'}","{'HCH_Galbladder_Dissection', 'HCH_Cleaning_Coagulation', 'M2_Trocar_Placement', 'M2_Clipping_Cutting', 'M2_Preparation', 'HCH_Calot_Triangle_Dissection', 'HCH_Galbladder_Retraction', 'HCH_Preparation', 'M2_Calot_Triangle_Dissection', 'M2_Gallbladder_Dissection', 'M2_Cleaning_Coagulation', 'M2_Gallbladder_Retraction', 'HCH_Galbladder_Packaging', 'HCH_Clipping_Cutting', 'M2_Gallbladder_Packaging'}",1716734718,checkpoint_000003,True,False,4,62b39_00000,2024-05-26_16-45-18,99.02381181716919,1358.9096014499664,1762169,fb-OMEN-by-HP-45L-Gaming-Desktop-GT22-0xxx,129.69.82.151,1358.9096014499664,4
51.60000133514404,7.27208948135376,4.080567573084078,0.61,4.88591,"{'GR_Severing_of_the_prostate_from_the_urethra', 'HC_Extra-abdominal_preparation_of_anastomosis', 'CA_Lens_implant_setting-up', 'GR_Bladder_neck_reconstruction', 'HC_General_preparation_and_orientation_in_the_abdomen', 'CA_Hydrodissection', 'HC_Creation_of_stoma', 'GR_Bladder_neck_identification_and_transection', 'CA_Viscous_agent_removal', 'LH_Transecting_the_Vagina', 'GR_Developing_the_Space_of_Retzius', 'GR_Idle', 'GR_Left_pelvic_isolated_lymphadenectomy', 'HC_Intra-abdominal_preparation_of_anastomosis', 'LH_Dividing_Uterine_Vessels_and_Ligament', 'LH_Specimen_Removal', 'HC_Dissection_and_resection_of_the_rectum', 'HC_Dissection_of_lymph_nodes_and_blood_vessels_en_bloc', 'LH_Dividing_Ligament_and_Peritoneum', 'LH_Suturing', 'CA_Viscous_agent_injection', 'CA_Incision', 'HC_Exception', 'GR_Right_pelvic_isolated_lymphadenectomy', 'HC_Finalization_of_operation', 'CA_Irrigation_and_aspiration', 'LH_Preparation', 'CA_Tonifying_and_antibiotics', 'GR_Ligation_of_the_deep_dorsal_venous_complex', 'HC_Mobilization_of_transverse_colon', 'CA_Rhexis', 'CA_Phacoemulsificiation', 'CA_Capsule_Polishing', 'GR_Development_of_the_plane_between_the_prostate_and_rectum', 'HC_Mobilization_of_sigmoid_colon_and_descending_colon', 'GR_Seminal_vesicle_dissection', 'HC_Retroperitoneal_preparation_of_duodenum_and_pancreatic_head'}","{'HCH_Galbladder_Dissection', 'HCH_Cleaning_Coagulation', 'M2_Trocar_Placement', 'M2_Clipping_Cutting', 'M2_Preparation', 'HCH_Calot_Triangle_Dissection', 'HCH_Galbladder_Retraction', 'HCH_Preparation', 'M2_Calot_Triangle_Dissection', 'M2_Gallbladder_Dissection', 'M2_Cleaning_Coagulation', 'M2_Gallbladder_Retraction', 'HCH_Galbladder_Packaging', 'HCH_Clipping_Cutting', 'M2_Gallbladder_Packaging'}",1716734815,checkpoint_000004,True,False,5,62b39_00000,2024-05-26_16-46-55,97.43938398361206,1456.3489854335785,1762169,fb-OMEN-by-HP-45L-Gaming-Desktop-GT22-0xxx,129.69.82.151,1456.3489854335785,5
52.4000011831522,7.7359619140625,4.103099851756441,0.58,5.237764,"{'GR_Severing_of_the_prostate_from_the_urethra', 'HC_Extra-abdominal_preparation_of_anastomosis', 'CA_Lens_implant_setting-up', 'GR_Bladder_neck_reconstruction', 'HC_General_preparation_and_orientation_in_the_abdomen', 'HC_Creation_of_stoma', 'GR_Bladder_neck_identification_and_transection', 'CA_Viscous_agent_removal', 'LH_Transecting_the_Vagina', 'GR_Developing_the_Space_of_Retzius', 'GR_Prostatic_pedicle_control', 'GR_Idle', 'GR_Left_pelvic_isolated_lymphadenectomy', 'HC_Intra-abdominal_preparation_of_anastomosis', 'LH_Dividing_Uterine_Vessels_and_Ligament', 'HC_Dissection_and_resection_of_the_rectum', 'HC_Dissection_of_lymph_nodes_and_blood_vessels_en_bloc', 'HC_Mobilization_of_splenic_flexure', 'LH_Dividing_Ligament_and_Peritoneum', 'LH_Suturing', 'CA_Viscous_agent_injection', 'CA_Incision', 'HC_Exception', 'GR_Right_pelvic_isolated_lymphadenectomy', 'HC_Finalization_of_operation', 'LH_Washing', 'CA_Irrigation_and_aspiration', 'LH_Preparation', 'CA_Tonifying_and_antibiotics', 'HC_Mobilization_of_ascending_colon', 'GR_Ligation_of_the_deep_dorsal_venous_complex', 'HC_Mobilization_of_transverse_colon', 'HC_Retroperitoneal_preparation_towards_lower_pancreatic_border', 'CA_Phacoemulsificiation', 'CA_Capsule_Polishing', 'GR_Development_of_the_plane_between_the_prostate_and_rectum', 'HC_Mobilization_of_sigmoid_colon_and_descending_colon', 'GR_Seminal_vesicle_dissection', 'HC_Retroperitoneal_preparation_of_duodenum_and_pancreatic_head'}","{'HCH_Galbladder_Dissection', 'HCH_Cleaning_Coagulation', 'M2_Trocar_Placement', 'M2_Clipping_Cutting', 'M2_Preparation', 'HCH_Calot_Triangle_Dissection', 'HCH_Galbladder_Retraction', 'HCH_Preparation', 'M2_Calot_Triangle_Dissection', 'M2_Gallbladder_Dissection', 'M2_Cleaning_Coagulation', 'M2_Gallbladder_Retraction', 'HCH_Galbladder_Packaging', 'HCH_Clipping_Cutting', 'M2_Gallbladder_Packaging'}",1716734913,checkpoint_000005,True,False,6,62b39_00000,2024-05-26_16-48-33,97.48892760276794,1553.8379130363464,1762169,fb-OMEN-by-HP-45L-Gaming-Desktop-GT22-0xxx,129.69.82.151,1553.8379130363464,6
46.000000953674316,7.819600582122803,4.45226422128008,0.616,4.994283,"{'GR_Severing_of_the_prostate_from_the_urethra', 'CA_Lens_implant_setting-up', 'GR_Bladder_neck_reconstruction', 'HC_General_preparation_and_orientation_in_the_abdomen', 'CA_Hydrodissection', 'HC_Creation_of_stoma', 'GR_Bladder_neck_identification_and_transection', 'CA_Viscous_agent_removal', 'LH_Transecting_the_Vagina', 'GR_Developing_the_Space_of_Retzius', 'GR_Prostatic_pedicle_control', 'GR_Idle', 'GR_Left_pelvic_isolated_lymphadenectomy', 'LH_Dividing_Uterine_Vessels_and_Ligament', 'LH_Specimen_Removal', 'HC_Dissection_and_resection_of_the_rectum', 'HC_Dissection_of_lymph_nodes_and_blood_vessels_en_bloc', 'HC_Mobilization_of_splenic_flexure', 'LH_Dividing_Ligament_and_Peritoneum', 'LH_Suturing', 'CA_Viscous_agent_injection', 'CA_Incision', 'HC_Exception', 'GR_Right_pelvic_isolated_lymphadenectomy', 'HC_Finalization_of_operation', 'LH_Washing', 'CA_Irrigation_and_aspiration', 'LH_Preparation', 'CA_Tonifying_and_antibiotics', 'HC_Mobilization_of_ascending_colon', 'GR_Ligation_of_the_deep_dorsal_venous_complex', 'HC_Mobilization_of_transverse_colon', 'CA_Rhexis', 'HC_Retroperitoneal_preparation_towards_lower_pancreatic_border', 'CA_Phacoemulsificiation', 'CA_Capsule_Polishing', 'GR_Development_of_the_plane_between_the_prostate_and_rectum', 'GR_Seminal_vesicle_dissection'}","{'HCH_Galbladder_Dissection', 'HCH_Cleaning_Coagulation', 'M2_Trocar_Placement', 'M2_Clipping_Cutting', 'M2_Preparation', 'HCH_Calot_Triangle_Dissection', 'HCH_Galbladder_Retraction', 'HCH_Preparation', 'M2_Calot_Triangle_Dissection', 'M2_Gallbladder_Dissection', 'M2_Cleaning_Coagulation', 'M2_Gallbladder_Retraction', 'HCH_Galbladder_Packaging', 'HCH_Clipping_Cutting', 'M2_Gallbladder_Packaging'}",1716735009,checkpoint_000006,True,False,7,62b39_00000,2024-05-26_16-50-09,96.2146098613739,1650.0525228977203,1762169,fb-OMEN-by-HP-45L-Gaming-Desktop-GT22-0xxx,129.69.82.151,1650.0525228977203,7
56.800001248717315,5.567470073699951,4.284113511208791,0.582,5.2386155,"{'GR_Severing_of_the_prostate_from_the_urethra', 'HC_Extra-abdominal_preparation_of_anastomosis', 'CA_Lens_implant_setting-up', 'GR_Bladder_neck_reconstruction', 'HC_General_preparation_and_orientation_in_the_abdomen', 'CA_Hydrodissection', 'HC_Creation_of_stoma', 'GR_Bladder_neck_identification_and_transection', 'CA_Viscous_agent_removal', 'LH_Transecting_the_Vagina', 'GR_Developing_the_Space_of_Retzius', 'GR_Idle', 'GR_Left_pelvic_isolated_lymphadenectomy', 'LH_Dividing_Uterine_Vessels_and_Ligament', 'LH_Specimen_Removal', 'HC_Dissection_and_resection_of_the_rectum', 'HC_Dissection_of_lymph_nodes_and_blood_vessels_en_bloc', 'HC_Mobilization_of_splenic_flexure', 'LH_Dividing_Ligament_and_Peritoneum', 'LH_Suturing', 'CA_Viscous_agent_injection', 'HC_Exception', 'GR_Right_pelvic_isolated_lymphadenectomy', 'HC_Finalization_of_operation', 'CA_Irrigation_and_aspiration', 'LH_Preparation', 'CA_Tonifying_and_antibiotics', 'HC_Mobilization_of_ascending_colon', 'GR_Ligation_of_the_deep_dorsal_venous_complex', 'HC_Mobilization_of_transverse_colon', 'CA_Rhexis', 'HC_Retroperitoneal_preparation_towards_lower_pancreatic_border', 'CA_Phacoemulsificiation', 'CA_Capsule_Polishing', 'GR_Development_of_the_plane_between_the_prostate_and_rectum', 'HC_Mobilization_of_sigmoid_colon_and_descending_colon', 'GR_Seminal_vesicle_dissection', 'HC_Retroperitoneal_preparation_of_duodenum_and_pancreatic_head'}","{'HCH_Galbladder_Dissection', 'HCH_Cleaning_Coagulation', 'M2_Trocar_Placement', 'M2_Clipping_Cutting', 'M2_Preparation', 'HCH_Calot_Triangle_Dissection', 'HCH_Galbladder_Retraction', 'HCH_Preparation', 'M2_Calot_Triangle_Dissection', 'M2_Gallbladder_Dissection', 'M2_Cleaning_Coagulation', 'M2_Gallbladder_Retraction', 'HCH_Galbladder_Packaging', 'HCH_Clipping_Cutting', 'M2_Gallbladder_Packaging'}",1716735103,checkpoint_000007,True,False,8,62b39_00000,2024-05-26_16-51-43,94.56140732765198,1744.6139302253723,1762169,fb-OMEN-by-HP-45L-Gaming-Desktop-GT22-0xxx,129.69.82.151,1744.6139302253723,8
54.400001332163804,5.889245986938477,4.076800082653763,0.58,5.1442437,"{'GR_Severing_of_the_prostate_from_the_urethra', 'HC_Extra-abdominal_preparation_of_anastomosis', 'HC_General_preparation_and_orientation_in_the_abdomen', 'CA_Hydrodissection', 'HC_Creation_of_stoma', 'GR_Bladder_neck_identification_and_transection', 'CA_Viscous_agent_removal', 'LH_Transecting_the_Vagina', 'GR_Developing_the_Space_of_Retzius', 'GR_Prostatic_pedicle_control', 'GR_Idle', 'GR_Left_pelvic_isolated_lymphadenectomy', 'HC_Intra-abdominal_preparation_of_anastomosis', 'LH_Dividing_Uterine_Vessels_and_Ligament', 'LH_Specimen_Removal', 'HC_Dissection_and_resection_of_the_rectum', 'HC_Dissection_of_lymph_nodes_and_blood_vessels_en_bloc', 'HC_Mobilization_of_splenic_flexure', 'LH_Dividing_Ligament_and_Peritoneum', 'LH_Suturing', 'CA_Viscous_agent_injection', 'CA_Incision', 'HC_Exception', 'GR_Right_pelvic_isolated_lymphadenectomy', 'HC_Finalization_of_operation', 'LH_Washing', 'CA_Irrigation_and_aspiration', 'LH_Preparation', 'CA_Tonifying_and_antibiotics', 'HC_Mobilization_of_ascending_colon', 'GR_Ligation_of_the_deep_dorsal_venous_complex', 'HC_Mobilization_of_transverse_colon', 'CA_Rhexis', 'HC_Retroperitoneal_preparation_towards_lower_pancreatic_border', 'CA_Phacoemulsificiation', 'CA_Capsule_Polishing', 'GR_Development_of_the_plane_between_the_prostate_and_rectum', 'HC_Mobilization_of_sigmoid_colon_and_descending_colon', 'GR_Seminal_vesicle_dissection'}","{'HCH_Galbladder_Dissection', 'HCH_Cleaning_Coagulation', 'M2_Trocar_Placement', 'M2_Clipping_Cutting', 'M2_Preparation', 'HCH_Calot_Triangle_Dissection', 'HCH_Galbladder_Retraction', 'HCH_Preparation', 'M2_Calot_Triangle_Dissection', 'M2_Gallbladder_Dissection', 'M2_Cleaning_Coagulation', 'M2_Gallbladder_Retraction', 'HCH_Galbladder_Packaging', 'HCH_Clipping_Cutting', 'M2_Gallbladder_Packaging'}",1716735199,checkpoint_000008,True,False,9,62b39_00000,2024-05-26_16-53-19,95.67177677154541,1840.2857069969177,1762169,fb-OMEN-by-HP-45L-Gaming-Desktop-GT22-0xxx,129.69.82.151,1840.2857069969177,9
53.00000131130218,6.4709601402282715,4.125322854067944,0.59999996,4.69769,"{'GR_Severing_of_the_prostate_from_the_urethra', 'HC_Extra-abdominal_preparation_of_anastomosis', 'CA_Lens_implant_setting-up', 'GR_Bladder_neck_reconstruction', 'HC_General_preparation_and_orientation_in_the_abdomen', 'CA_Hydrodissection', 'HC_Creation_of_stoma', 'GR_Bladder_neck_identification_and_transection', 'CA_Viscous_agent_removal', 'LH_Transecting_the_Vagina', 'GR_Developing_the_Space_of_Retzius', 'GR_Prostatic_pedicle_control', 'GR_Idle', 'GR_Left_pelvic_isolated_lymphadenectomy', 'HC_Intra-abdominal_preparation_of_anastomosis', 'LH_Dividing_Uterine_Vessels_and_Ligament', 'LH_Specimen_Removal', 'HC_Dissection_and_resection_of_the_rectum', 'HC_Dissection_of_lymph_nodes_and_blood_vessels_en_bloc', 'HC_Mobilization_of_splenic_flexure', 'LH_Suturing', 'CA_Viscous_agent_injection', 'CA_Incision', 'HC_Exception', 'GR_Right_pelvic_isolated_lymphadenectomy', 'CA_Irrigation_and_aspiration', 'LH_Washing', 'LH_Preparation', 'CA_Tonifying_and_antibiotics', 'HC_Mobilization_of_ascending_colon', 'GR_Ligation_of_the_deep_dorsal_venous_complex', 'HC_Mobilization_of_transverse_colon', 'CA_Rhexis', 'HC_Retroperitoneal_preparation_towards_lower_pancreatic_border', 'CA_Phacoemulsificiation', 'CA_Capsule_Polishing', 'GR_Development_of_the_plane_between_the_prostate_and_rectum', 'GR_Seminal_vesicle_dissection', 'HC_Retroperitoneal_preparation_of_duodenum_and_pancreatic_head'}","{'HCH_Galbladder_Dissection', 'HCH_Cleaning_Coagulation', 'M2_Trocar_Placement', 'M2_Clipping_Cutting', 'M2_Preparation', 'HCH_Calot_Triangle_Dissection', 'HCH_Galbladder_Retraction', 'HCH_Preparation', 'M2_Calot_Triangle_Dissection', 'M2_Gallbladder_Dissection', 'M2_Cleaning_Coagulation', 'M2_Gallbladder_Retraction', 'HCH_Galbladder_Packaging', 'HCH_Clipping_Cutting', 'M2_Gallbladder_Packaging'}",1716735295,checkpoint_000009,True,False,10,62b39_00000,2024-05-26_16-54-55,95.95695352554321,1936.242660522461,1762169,fb-OMEN-by-HP-45L-Gaming-Desktop-GT22-0xxx,129.69.82.151,1936.242660522461,10
50.60000120103359,8.125123977661133,4.310396156385127,0.614,4.95261,"{'GR_Severing_of_the_prostate_from_the_urethra', 'HC_Extra-abdominal_preparation_of_anastomosis', 'GR_Bladder_neck_reconstruction', 'HC_General_preparation_and_orientation_in_the_abdomen', 'CA_Hydrodissection', 'GR_Bladder_neck_identification_and_transection', 'CA_Viscous_agent_removal', 'GR_Developing_the_Space_of_Retzius', 'GR_Prostatic_pedicle_control', 'GR_Left_pelvic_isolated_lymphadenectomy', 'HC_Intra-abdominal_preparation_of_anastomosis', 'LH_Dividing_Uterine_Vessels_and_Ligament', 'LH_Specimen_Removal', 'HC_Dissection_and_resection_of_the_rectum', 'LH_Dividing_Ligament_and_Peritoneum', 'LH_Suturing', 'CA_Viscous_agent_injection', 'CA_Incision', 'GR_Right_pelvic_isolated_lymphadenectomy', 'HC_Finalization_of_operation', 'LH_Washing', 'CA_Irrigation_and_aspiration', 'LH_Preparation', 'CA_Tonifying_and_antibiotics', 'HC_Mobilization_of_ascending_colon', 'GR_Ligation_of_the_deep_dorsal_venous_complex', 'CA_Rhexis', 'HC_Retroperitoneal_preparation_towards_lower_pancreatic_border', 'CA_Phacoemulsificiation', 'CA_Capsule_Polishing', 'GR_Development_of_the_plane_between_the_prostate_and_rectum', 'GR_Seminal_vesicle_dissection', 'HC_Retroperitoneal_preparation_of_duodenum_and_pancreatic_head'}","{'HCH_Galbladder_Dissection', 'HCH_Cleaning_Coagulation', 'M2_Trocar_Placement', 'M2_Clipping_Cutting', 'M2_Preparation', 'HCH_Calot_Triangle_Dissection', 'HCH_Galbladder_Retraction', 'HCH_Preparation', 'M2_Calot_Triangle_Dissection', 'M2_Gallbladder_Dissection', 'M2_Cleaning_Coagulation', 'M2_Gallbladder_Retraction', 'HCH_Galbladder_Packaging', 'HCH_Clipping_Cutting', 'M2_Gallbladder_Packaging'}",1716735391,checkpoint_000010,True,False,11,62b39_00000,2024-05-26_16-56-31,96.36099052429199,2032.603651046753,1762169,fb-OMEN-by-HP-45L-Gaming-Desktop-GT22-0xxx,129.69.82.151,2032.603651046753,11
51.400001123547554,7.377444267272949,4.613458716346704,0.56999993,5.53699,"{'GR_Severing_of_the_prostate_from_the_urethra', 'HC_Extra-abdominal_preparation_of_anastomosis', 'CA_Lens_implant_setting-up', 'HC_General_preparation_and_orientation_in_the_abdomen', 'CA_Hydrodissection', 'HC_Creation_of_stoma', 'GR_Bladder_neck_identification_and_transection', 'CA_Viscous_agent_removal', 'LH_Transecting_the_Vagina', 'GR_Developing_the_Space_of_Retzius', 'GR_Prostatic_pedicle_control', 'GR_Idle', 'GR_Left_pelvic_isolated_lymphadenectomy', 'HC_Intra-abdominal_preparation_of_anastomosis', 'LH_Dividing_Uterine_Vessels_and_Ligament', 'LH_Specimen_Removal', 'HC_Dissection_and_resection_of_the_rectum', 'HC_Dissection_of_lymph_nodes_and_blood_vessels_en_bloc', 'HC_Mobilization_of_splenic_flexure', 'LH_Dividing_Ligament_and_Peritoneum', 'LH_Suturing', 'CA_Viscous_agent_injection', 'CA_Incision', 'HC_Exception', 'GR_Right_pelvic_isolated_lymphadenectomy', 'HC_Finalization_of_operation', 'LH_Washing', 'CA_Irrigation_and_aspiration', 'LH_Preparation', 'CA_Tonifying_and_antibiotics', 'HC_Mobilization_of_ascending_colon', 'GR_Ligation_of_the_deep_dorsal_venous_complex', 'HC_Mobilization_of_transverse_colon', 'CA_Rhexis', 'CA_Phacoemulsificiation', 'CA_Capsule_Polishing', 'GR_Development_of_the_plane_between_the_prostate_and_rectum', 'HC_Mobilization_of_sigmoid_colon_and_descending_colon', 'GR_Seminal_vesicle_dissection', 'HC_Retroperitoneal_preparation_of_duodenum_and_pancreatic_head'}","{'HCH_Galbladder_Dissection', 'HCH_Cleaning_Coagulation', 'M2_Trocar_Placement', 'M2_Clipping_Cutting', 'M2_Preparation', 'HCH_Calot_Triangle_Dissection', 'HCH_Galbladder_Retraction', 'HCH_Preparation', 'M2_Calot_Triangle_Dissection', 'M2_Gallbladder_Dissection', 'M2_Cleaning_Coagulation', 'M2_Gallbladder_Retraction', 'HCH_Galbladder_Packaging', 'HCH_Clipping_Cutting', 'M2_Gallbladder_Packaging'}",1716735487,checkpoint_000011,True,False,12,62b39_00000,2024-05-26_16-58-07,95.77913022041321,2128.382781267166,1762169,fb-OMEN-by-HP-45L-Gaming-Desktop-GT22-0xxx,129.69.82.151,2128.382781267166,12
52.200001269578934,6.413028240203857,4.107404443914787,0.598,5.028831,"{'GR_Severing_of_the_prostate_from_the_urethra', 'HC_Extra-abdominal_preparation_of_anastomosis', 'CA_Lens_implant_setting-up', 'GR_Bladder_neck_reconstruction', 'HC_General_preparation_and_orientation_in_the_abdomen', 'CA_Hydrodissection', 'GR_Bladder_neck_identification_and_transection', 'CA_Viscous_agent_removal', 'LH_Transecting_the_Vagina', 'GR_Developing_the_Space_of_Retzius', 'GR_Idle', 'GR_Left_pelvic_isolated_lymphadenectomy', 'HC_Intra-abdominal_preparation_of_anastomosis', 'LH_Dividing_Uterine_Vessels_and_Ligament', 'LH_Specimen_Removal', 'HC_Dissection_and_resection_of_the_rectum', 'HC_Dissection_of_lymph_nodes_and_blood_vessels_en_bloc', 'HC_Mobilization_of_splenic_flexure', 'LH_Dividing_Ligament_and_Peritoneum', 'LH_Suturing', 'CA_Viscous_agent_injection', 'CA_Incision', 'HC_Exception', 'GR_Right_pelvic_isolated_lymphadenectomy', 'HC_Finalization_of_operation', 'LH_Washing', 'CA_Irrigation_and_aspiration', 'LH_Preparation', 'CA_Tonifying_and_antibiotics', 'GR_Ligation_of_the_deep_dorsal_venous_complex', 'HC_Mobilization_of_transverse_colon', 'CA_Rhexis', 'HC_Retroperitoneal_preparation_towards_lower_pancreatic_border', 'CA_Phacoemulsificiation', 'CA_Capsule_Polishing', 'GR_Development_of_the_plane_between_the_prostate_and_rectum', 'HC_Mobilization_of_sigmoid_colon_and_descending_colon', 'GR_Seminal_vesicle_dissection', 'HC_Retroperitoneal_preparation_of_duodenum_and_pancreatic_head'}","{'HCH_Galbladder_Dissection', 'HCH_Cleaning_Coagulation', 'M2_Trocar_Placement', 'M2_Clipping_Cutting', 'M2_Preparation', 'HCH_Calot_Triangle_Dissection', 'HCH_Galbladder_Retraction', 'HCH_Preparation', 'M2_Calot_Triangle_Dissection', 'M2_Gallbladder_Dissection', 'M2_Cleaning_Coagulation', 'M2_Gallbladder_Retraction', 'HCH_Galbladder_Packaging', 'HCH_Clipping_Cutting', 'M2_Gallbladder_Packaging'}",1716735582,checkpoint_000012,True,False,13,62b39_00000,2024-05-26_16-59-42,95.20893836021423,2223.5917196273804,1762169,fb-OMEN-by-HP-45L-Gaming-Desktop-GT22-0xxx,129.69.82.151,2223.5917196273804,13
49.400001257658005,9.320845603942871,3.937795719292017,0.60400003,4.885301,"{'GR_Severing_of_the_prostate_from_the_urethra', 'CA_Lens_implant_setting-up', 'GR_Bladder_neck_reconstruction', 'HC_General_preparation_and_orientation_in_the_abdomen', 'CA_Hydrodissection', 'HC_Creation_of_stoma', 'GR_Bladder_neck_identification_and_transection', 'CA_Viscous_agent_removal', 'LH_Transecting_the_Vagina', 'GR_Developing_the_Space_of_Retzius', 'GR_Prostatic_pedicle_control', 'GR_Idle', 'GR_Left_pelvic_isolated_lymphadenectomy', 'HC_Intra-abdominal_preparation_of_anastomosis', 'LH_Dividing_Uterine_Vessels_and_Ligament', 'LH_Specimen_Removal', 'HC_Mobilization_of_splenic_flexure', 'HC_Dissection_of_lymph_nodes_and_blood_vessels_en_bloc', 'LH_Dividing_Ligament_and_Peritoneum', 'LH_Suturing', 'CA_Viscous_agent_injection', 'CA_Incision', 'HC_Exception', 'GR_Right_pelvic_isolated_lymphadenectomy', 'CA_Irrigation_and_aspiration', 'LH_Washing', 'LH_Preparation', 'CA_Tonifying_and_antibiotics', 'HC_Mobilization_of_ascending_colon', 'GR_Ligation_of_the_deep_dorsal_venous_complex', 'HC_Mobilization_of_transverse_colon', 'CA_Rhexis', 'HC_Retroperitoneal_preparation_towards_lower_pancreatic_border', 'CA_Phacoemulsificiation', 'CA_Capsule_Polishing', 'GR_Development_of_the_plane_between_the_prostate_and_rectum', 'HC_Mobilization_of_sigmoid_colon_and_descending_colon', 'GR_Seminal_vesicle_dissection'}","{'HCH_Galbladder_Dissection', 'HCH_Cleaning_Coagulation', 'M2_Trocar_Placement', 'M2_Clipping_Cutting', 'M2_Preparation', 'HCH_Calot_Triangle_Dissection', 'HCH_Galbladder_Retraction', 'HCH_Preparation', 'M2_Calot_Triangle_Dissection', 'M2_Gallbladder_Dissection', 'M2_Cleaning_Coagulation', 'M2_Gallbladder_Retraction', 'HCH_Galbladder_Packaging', 'HCH_Clipping_Cutting', 'M2_Gallbladder_Packaging'}",1716735678,checkpoint_000013,True,False,14,62b39_00000,2024-05-26_17-01-18,95.88167428970337,2319.4733939170837,1762169,fb-OMEN-by-HP-45L-Gaming-Desktop-GT22-0xxx,129.69.82.151,2319.4733939170837,14
51.20000110566616,7.770959377288818,4.341123543044349,0.60999995,5.0239506,"{'HC_Extra-abdominal_preparation_of_anastomosis', 'CA_Lens_implant_setting-up', 'GR_Bladder_neck_reconstruction', 'HC_General_preparation_and_orientation_in_the_abdomen', 'CA_Hydrodissection', 'GR_Bladder_neck_identification_and_transection', 'CA_Viscous_agent_removal', 'LH_Transecting_the_Vagina', 'GR_Developing_the_Space_of_Retzius', 'GR_Prostatic_pedicle_control', 'GR_Idle', 'GR_Left_pelvic_isolated_lymphadenectomy', 'HC_Intra-abdominal_preparation_of_anastomosis', 'LH_Dividing_Uterine_Vessels_and_Ligament', 'LH_Specimen_Removal', 'HC_Dissection_and_resection_of_the_rectum', 'HC_Mobilization_of_splenic_flexure', 'LH_Dividing_Ligament_and_Peritoneum', 'LH_Suturing', 'CA_Viscous_agent_injection', 'CA_Incision', 'HC_Exception', 'GR_Right_pelvic_isolated_lymphadenectomy', 'CA_Irrigation_and_aspiration', 'LH_Washing', 'LH_Preparation', 'CA_Tonifying_and_antibiotics', 'HC_Mobilization_of_ascending_colon', 'HC_Mobilization_of_transverse_colon', 'CA_Rhexis', 'HC_Retroperitoneal_preparation_towards_lower_pancreatic_border', 'CA_Phacoemulsificiation', 'CA_Capsule_Polishing', 'GR_Development_of_the_plane_between_the_prostate_and_rectum', 'GR_Seminal_vesicle_dissection', 'HC_Retroperitoneal_preparation_of_duodenum_and_pancreatic_head'}","{'HCH_Galbladder_Dissection', 'HCH_Cleaning_Coagulation', 'M2_Trocar_Placement', 'M2_Clipping_Cutting', 'M2_Preparation', 'HCH_Calot_Triangle_Dissection', 'HCH_Galbladder_Retraction', 'HCH_Preparation', 'M2_Calot_Triangle_Dissection', 'M2_Gallbladder_Dissection', 'M2_Cleaning_Coagulation', 'M2_Gallbladder_Retraction', 'HCH_Galbladder_Packaging', 'HCH_Clipping_Cutting', 'M2_Gallbladder_Packaging'}",1716735775,checkpoint_000014,True,False,15,62b39_00000,2024-05-26_17-02-55,97.14987850189209,2416.623272418976,1762169,fb-OMEN-by-HP-45L-Gaming-Desktop-GT22-0xxx,129.69.82.151,2416.623272418976,15
50.200001120567315,12.584816932678223,4.203548985739073,0.638,4.539306,"{'GR_Severing_of_the_prostate_from_the_urethra', 'HC_Extra-abdominal_preparation_of_anastomosis', 'CA_Lens_implant_setting-up', 'GR_Bladder_neck_reconstruction', 'HC_General_preparation_and_orientation_in_the_abdomen', 'CA_Hydrodissection', 'HC_Creation_of_stoma', 'CA_Viscous_agent_removal', 'LH_Transecting_the_Vagina', 'GR_Developing_the_Space_of_Retzius', 'GR_Prostatic_pedicle_control', 'GR_Idle', 'GR_Left_pelvic_isolated_lymphadenectomy', 'HC_Intra-abdominal_preparation_of_anastomosis', 'LH_Dividing_Uterine_Vessels_and_Ligament', 'LH_Specimen_Removal', 'HC_Dissection_and_resection_of_the_rectum', 'HC_Dissection_of_lymph_nodes_and_blood_vessels_en_bloc', 'LH_Dividing_Ligament_and_Peritoneum', 'LH_Suturing', 'CA_Incision', 'HC_Exception', 'GR_Right_pelvic_isolated_lymphadenectomy', 'HC_Finalization_of_operation', 'LH_Washing', 'CA_Irrigation_and_aspiration', 'LH_Preparation', 'CA_Tonifying_and_antibiotics', 'GR_Ligation_of_the_deep_dorsal_venous_complex', 'CA_Rhexis', 'HC_Retroperitoneal_preparation_towards_lower_pancreatic_border', 'CA_Phacoemulsificiation', 'CA_Capsule_Polishing', 'GR_Development_of_the_plane_between_the_prostate_and_rectum', 'HC_Mobilization_of_sigmoid_colon_and_descending_colon', 'GR_Seminal_vesicle_dissection', 'HC_Retroperitoneal_preparation_of_duodenum_and_pancreatic_head'}","{'HCH_Galbladder_Dissection', 'HCH_Cleaning_Coagulation', 'M2_Trocar_Placement', 'M2_Clipping_Cutting', 'M2_Preparation', 'HCH_Calot_Triangle_Dissection', 'HCH_Galbladder_Retraction', 'HCH_Preparation', 'M2_Calot_Triangle_Dissection', 'M2_Gallbladder_Dissection', 'M2_Cleaning_Coagulation', 'M2_Gallbladder_Retraction', 'HCH_Galbladder_Packaging', 'HCH_Clipping_Cutting', 'M2_Gallbladder_Packaging'}",1716735871,checkpoint_000015,True,False,16,62b39_00000,2024-05-26_17-04-31,95.53456664085388,2512.1578390598297,1762169,fb-OMEN-by-HP-45L-Gaming-Desktop-GT22-0xxx,129.69.82.151,2512.1578390598297,16
48.200001090765,12.832390785217285,4.4035055283543985,0.7120001,3.628263,"{'HC_Extra-abdominal_preparation_of_anastomosis', 'CA_Lens_implant_setting-up', 'GR_Bladder_neck_reconstruction', 'HC_General_preparation_and_orientation_in_the_abdomen', 'HC_Creation_of_stoma', 'GR_Bladder_neck_identification_and_transection', 'CA_Viscous_agent_removal', 'LH_Transecting_the_Vagina', 'GR_Developing_the_Space_of_Retzius', 'GR_Prostatic_pedicle_control', 'GR_Idle', 'GR_Left_pelvic_isolated_lymphadenectomy', 'HC_Intra-abdominal_preparation_of_anastomosis', 'LH_Dividing_Uterine_Vessels_and_Ligament', 'LH_Specimen_Removal', 'HC_Dissection_and_resection_of_the_rectum', 'HC_Dissection_of_lymph_nodes_and_blood_vessels_en_bloc', 'HC_Mobilization_of_splenic_flexure', 'LH_Dividing_Ligament_and_Peritoneum', 'LH_Suturing', 'CA_Viscous_agent_injection', 'CA_Incision', 'HC_Exception', 'GR_Right_pelvic_isolated_lymphadenectomy', 'LH_Preparation', 'LH_Washing', 'CA_Tonifying_and_antibiotics', 'GR_Ligation_of_the_deep_dorsal_venous_complex', 'HC_Mobilization_of_transverse_colon', 'CA_Rhexis', 'HC_Retroperitoneal_preparation_towards_lower_pancreatic_border', 'CA_Phacoemulsificiation', 'CA_Capsule_Polishing', 'GR_Development_of_the_plane_between_the_prostate_and_rectum', 'HC_Mobilization_of_sigmoid_colon_and_descending_colon', 'GR_Seminal_vesicle_dissection', 'HC_Retroperitoneal_preparation_of_duodenum_and_pancreatic_head'}","{'HCH_Galbladder_Dissection', 'HCH_Cleaning_Coagulation', 'M2_Trocar_Placement', 'M2_Clipping_Cutting', 'M2_Preparation', 'HCH_Calot_Triangle_Dissection', 'HCH_Galbladder_Retraction', 'HCH_Preparation', 'M2_Calot_Triangle_Dissection', 'M2_Gallbladder_Dissection', 'M2_Cleaning_Coagulation', 'M2_Gallbladder_Retraction', 'HCH_Galbladder_Packaging', 'HCH_Clipping_Cutting', 'M2_Gallbladder_Packaging'}",1716735966,checkpoint_000016,True,False,17,62b39_00000,2024-05-26_17-06-07,95.64563655853271,2607.8034756183624,1762169,fb-OMEN-by-HP-45L-Gaming-Desktop-GT22-0xxx,129.69.82.151,2607.8034756183624,17
51.80000118911266,6.399782657623291,4.2616368771319895,0.648,4.930565,"{'GR_Severing_of_the_prostate_from_the_urethra', 'HC_Extra-abdominal_preparation_of_anastomosis', 'CA_Lens_implant_setting-up', 'GR_Bladder_neck_reconstruction', 'CA_Hydrodissection', 'HC_Creation_of_stoma', 'GR_Bladder_neck_identification_and_transection', 'CA_Viscous_agent_removal', 'LH_Transecting_the_Vagina', 'GR_Developing_the_Space_of_Retzius', 'GR_Prostatic_pedicle_control', 'GR_Idle', 'GR_Left_pelvic_isolated_lymphadenectomy', 'HC_Intra-abdominal_preparation_of_anastomosis', 'LH_Dividing_Uterine_Vessels_and_Ligament', 'LH_Specimen_Removal', 'HC_Mobilization_of_splenic_flexure', 'HC_Dissection_of_lymph_nodes_and_blood_vessels_en_bloc', 'LH_Dividing_Ligament_and_Peritoneum', 'LH_Suturing', 'CA_Viscous_agent_injection', 'CA_Incision', 'HC_Exception', 'GR_Right_pelvic_isolated_lymphadenectomy', 'CA_Irrigation_and_aspiration', 'LH_Washing', 'LH_Preparation', 'CA_Tonifying_and_antibiotics', 'HC_Mobilization_of_ascending_colon', 'GR_Ligation_of_the_deep_dorsal_venous_complex', 'HC_Mobilization_of_transverse_colon', 'CA_Rhexis', 'HC_Retroperitoneal_preparation_towards_lower_pancreatic_border', 'CA_Phacoemulsificiation', 'CA_Capsule_Polishing', 'GR_Development_of_the_plane_between_the_prostate_and_rectum', 'HC_Mobilization_of_sigmoid_colon_and_descending_colon', 'GR_Seminal_vesicle_dissection', 'HC_Retroperitoneal_preparation_of_duodenum_and_pancreatic_head'}","{'HCH_Galbladder_Dissection', 'HCH_Cleaning_Coagulation', 'M2_Trocar_Placement', 'M2_Clipping_Cutting', 'M2_Preparation', 'HCH_Calot_Triangle_Dissection', 'HCH_Galbladder_Retraction', 'HCH_Preparation', 'M2_Calot_Triangle_Dissection', 'M2_Gallbladder_Dissection', 'M2_Cleaning_Coagulation', 'M2_Gallbladder_Retraction', 'HCH_Galbladder_Packaging', 'HCH_Clipping_Cutting', 'M2_Gallbladder_Packaging'}",1716736063,checkpoint_000017,True,False,18,62b39_00000,2024-05-26_17-07-43,96.35506677627563,2704.158542394638,1762169,fb-OMEN-by-HP-45L-Gaming-Desktop-GT22-0xxx,129.69.82.151,2704.158542394638,18
49.40000110864639,14.095900535583496,4.553110033596745,0.6820001,4.3923373,"{'GR_Severing_of_the_prostate_from_the_urethra', 'HC_Extra-abdominal_preparation_of_anastomosis', 'CA_Lens_implant_setting-up', 'GR_Bladder_neck_reconstruction', 'HC_General_preparation_and_orientation_in_the_abdomen', 'CA_Hydrodissection', 'HC_Creation_of_stoma', 'GR_Bladder_neck_identification_and_transection', 'CA_Viscous_agent_removal', 'LH_Transecting_the_Vagina', 'GR_Developing_the_Space_of_Retzius', 'GR_Prostatic_pedicle_control', 'GR_Idle', 'GR_Left_pelvic_isolated_lymphadenectomy', 'HC_Intra-abdominal_preparation_of_anastomosis', 'LH_Dividing_Uterine_Vessels_and_Ligament', 'LH_Specimen_Removal', 'HC_Dissection_and_resection_of_the_rectum', 'HC_Dissection_of_lymph_nodes_and_blood_vessels_en_bloc', 'HC_Mobilization_of_splenic_flexure', 'LH_Dividing_Ligament_and_Peritoneum', 'LH_Suturing', 'CA_Viscous_agent_injection', 'CA_Incision', 'GR_Right_pelvic_isolated_lymphadenectomy', 'HC_Finalization_of_operation', 'LH_Washing', 'CA_Irrigation_and_aspiration', 'LH_Preparation', 'CA_Tonifying_and_antibiotics', 'GR_Ligation_of_the_deep_dorsal_venous_complex', 'HC_Mobilization_of_transverse_colon', 'CA_Rhexis', 'HC_Retroperitoneal_preparation_towards_lower_pancreatic_border', 'CA_Phacoemulsificiation', 'CA_Capsule_Polishing', 'GR_Development_of_the_plane_between_the_prostate_and_rectum', 'HC_Mobilization_of_sigmoid_colon_and_descending_colon', 'GR_Seminal_vesicle_dissection', 'HC_Retroperitoneal_preparation_of_duodenum_and_pancreatic_head'}","{'HCH_Galbladder_Dissection', 'HCH_Cleaning_Coagulation', 'M2_Trocar_Placement', 'M2_Clipping_Cutting', 'M2_Preparation', 'HCH_Calot_Triangle_Dissection', 'HCH_Galbladder_Retraction', 'HCH_Preparation', 'M2_Calot_Triangle_Dissection', 'M2_Gallbladder_Dissection', 'M2_Cleaning_Coagulation', 'M2_Gallbladder_Retraction', 'HCH_Galbladder_Packaging', 'HCH_Clipping_Cutting', 'M2_Gallbladder_Packaging'}",1716736159,checkpoint_000018,True,False,19,62b39_00000,2024-05-26_17-09-19,95.89877462387085,2800.057317018509,1762169,fb-OMEN-by-HP-45L-Gaming-Desktop-GT22-0xxx,129.69.82.151,2800.057317018509,19
50.00000122189522,6.403385639190674,4.312000101425433,0.59800005,5.3392406,"{'GR_Severing_of_the_prostate_from_the_urethra', 'HC_Extra-abdominal_preparation_of_anastomosis', 'CA_Lens_implant_setting-up', 'GR_Bladder_neck_reconstruction', 'CA_Hydrodissection', 'HC_Creation_of_stoma', 'GR_Bladder_neck_identification_and_transection', 'CA_Viscous_agent_removal', 'LH_Transecting_the_Vagina', 'GR_Developing_the_Space_of_Retzius', 'GR_Prostatic_pedicle_control', 'GR_Idle', 'GR_Left_pelvic_isolated_lymphadenectomy', 'HC_Intra-abdominal_preparation_of_anastomosis', 'LH_Specimen_Removal', 'HC_Dissection_and_resection_of_the_rectum', 'HC_Dissection_of_lymph_nodes_and_blood_vessels_en_bloc', 'HC_Mobilization_of_splenic_flexure', 'LH_Dividing_Ligament_and_Peritoneum', 'LH_Suturing', 'CA_Viscous_agent_injection', 'CA_Incision', 'HC_Exception', 'GR_Right_pelvic_isolated_lymphadenectomy', 'HC_Finalization_of_operation', 'LH_Washing', 'CA_Irrigation_and_aspiration', 'LH_Preparation', 'CA_Tonifying_and_antibiotics', 'HC_Mobilization_of_ascending_colon', 'GR_Ligation_of_the_deep_dorsal_venous_complex', 'HC_Mobilization_of_transverse_colon', 'CA_Rhexis', 'HC_Retroperitoneal_preparation_towards_lower_pancreatic_border', 'CA_Phacoemulsificiation', 'CA_Capsule_Polishing', 'GR_Development_of_the_plane_between_the_prostate_and_rectum', 'HC_Mobilization_of_sigmoid_colon_and_descending_colon', 'GR_Seminal_vesicle_dissection', 'HC_Retroperitoneal_preparation_of_duodenum_and_pancreatic_head'}","{'HCH_Galbladder_Dissection', 'HCH_Cleaning_Coagulation', 'M2_Trocar_Placement', 'M2_Clipping_Cutting', 'M2_Preparation', 'HCH_Calot_Triangle_Dissection', 'HCH_Galbladder_Retraction', 'HCH_Preparation', 'M2_Calot_Triangle_Dissection', 'M2_Gallbladder_Dissection', 'M2_Cleaning_Coagulation', 'M2_Gallbladder_Retraction', 'HCH_Galbladder_Packaging', 'HCH_Clipping_Cutting', 'M2_Gallbladder_Packaging'}",1716736254,checkpoint_000019,True,False,20,62b39_00000,2024-05-26_17-10-54,95.22913813591003,2895.286455154419,1762169,fb-OMEN-by-HP-45L-Gaming-Desktop-GT22-0xxx,129.69.82.151,2895.286455154419,20
52.400001257658005,5.713836669921875,4.357375868031994,0.618,4.9904776,"{'GR_Severing_of_the_prostate_from_the_urethra', 'CA_Lens_implant_setting-up', 'GR_Bladder_neck_reconstruction', 'HC_General_preparation_and_orientation_in_the_abdomen', 'CA_Hydrodissection', 'HC_Creation_of_stoma', 'GR_Bladder_neck_identification_and_transection', 'CA_Viscous_agent_removal', 'LH_Transecting_the_Vagina', 'GR_Prostatic_pedicle_control', 'GR_Idle', 'GR_Left_pelvic_isolated_lymphadenectomy', 'LH_Dividing_Uterine_Vessels_and_Ligament', 'LH_Specimen_Removal', 'HC_Dissection_and_resection_of_the_rectum', 'HC_Dissection_of_lymph_nodes_and_blood_vessels_en_bloc', 'HC_Mobilization_of_splenic_flexure', 'LH_Dividing_Ligament_and_Peritoneum', 'LH_Suturing', 'CA_Viscous_agent_injection', 'CA_Incision', 'HC_Exception', 'GR_Right_pelvic_isolated_lymphadenectomy', 'HC_Finalization_of_operation', 'LH_Washing', 'CA_Irrigation_and_aspiration', 'LH_Preparation', 'CA_Tonifying_and_antibiotics', 'HC_Mobilization_of_ascending_colon', 'GR_Ligation_of_the_deep_dorsal_venous_complex', 'CA_Rhexis', 'HC_Retroperitoneal_preparation_towards_lower_pancreatic_border', 'CA_Phacoemulsificiation', 'CA_Capsule_Polishing', 'GR_Development_of_the_plane_between_the_prostate_and_rectum', 'HC_Mobilization_of_sigmoid_colon_and_descending_colon', 'GR_Seminal_vesicle_dissection', 'HC_Retroperitoneal_preparation_of_duodenum_and_pancreatic_head'}","{'HCH_Galbladder_Dissection', 'HCH_Cleaning_Coagulation', 'M2_Trocar_Placement', 'M2_Clipping_Cutting', 'M2_Preparation', 'HCH_Calot_Triangle_Dissection', 'HCH_Galbladder_Retraction', 'HCH_Preparation', 'M2_Calot_Triangle_Dissection', 'M2_Gallbladder_Dissection', 'M2_Cleaning_Coagulation', 'M2_Gallbladder_Retraction', 'HCH_Galbladder_Packaging', 'HCH_Clipping_Cutting', 'M2_Gallbladder_Packaging'}",1716736349,checkpoint_000020,True,False,21,62b39_00000,2024-05-26_17-12-29,94.97946286201477,2990.2659180164337,1762169,fb-OMEN-by-HP-45L-Gaming-Desktop-GT22-0xxx,129.69.82.151,2990.2659180164337,21
59.800001263618476,7.026391506195068,3.9393562301021374,0.68200004,3.9328887,"{'GR_Severing_of_the_prostate_from_the_urethra', 'HC_Extra-abdominal_preparation_of_anastomosis', 'CA_Lens_implant_setting-up', 'GR_Bladder_neck_reconstruction', 'HC_General_preparation_and_orientation_in_the_abdomen', 'CA_Hydrodissection', 'HC_Creation_of_stoma', 'GR_Bladder_neck_identification_and_transection', 'CA_Viscous_agent_removal', 'LH_Transecting_the_Vagina', 'GR_Developing_the_Space_of_Retzius', 'GR_Prostatic_pedicle_control', 'GR_Idle', 'GR_Left_pelvic_isolated_lymphadenectomy', 'HC_Intra-abdominal_preparation_of_anastomosis', 'LH_Dividing_Uterine_Vessels_and_Ligament', 'LH_Specimen_Removal', 'HC_Mobilization_of_splenic_flexure', 'HC_Dissection_of_lymph_nodes_and_blood_vessels_en_bloc', 'LH_Dividing_Ligament_and_Peritoneum', 'LH_Suturing', 'CA_Viscous_agent_injection', 'CA_Incision', 'HC_Exception', 'GR_Right_pelvic_isolated_lymphadenectomy', 'HC_Finalization_of_operation', 'LH_Washing', 'CA_Irrigation_and_aspiration', 'LH_Preparation', 'GR_Ligation_of_the_deep_dorsal_venous_complex', 'HC_Mobilization_of_transverse_colon', 'CA_Rhexis', 'HC_Retroperitoneal_preparation_towards_lower_pancreatic_border', 'CA_Phacoemulsificiation', 'CA_Capsule_Polishing', 'GR_Development_of_the_plane_between_the_prostate_and_rectum', 'HC_Mobilization_of_sigmoid_colon_and_descending_colon', 'GR_Seminal_vesicle_dissection', 'HC_Retroperitoneal_preparation_of_duodenum_and_pancreatic_head'}","{'HCH_Galbladder_Dissection', 'HCH_Cleaning_Coagulation', 'M2_Trocar_Placement', 'M2_Clipping_Cutting', 'M2_Preparation', 'HCH_Calot_Triangle_Dissection', 'HCH_Galbladder_Retraction', 'HCH_Preparation', 'M2_Calot_Triangle_Dissection', 'M2_Gallbladder_Dissection', 'M2_Cleaning_Coagulation', 'M2_Gallbladder_Retraction', 'HCH_Galbladder_Packaging', 'HCH_Clipping_Cutting', 'M2_Gallbladder_Packaging'}",1716736445,checkpoint_000021,True,False,22,62b39_00000,2024-05-26_17-14-05,95.8404951095581,3086.106413125992,1762169,fb-OMEN-by-HP-45L-Gaming-Desktop-GT22-0xxx,129.69.82.151,3086.106413125992,22
56.40000121295452,5.756648540496826,4.413439609438023,0.6800001,4.115717,"{'GR_Severing_of_the_prostate_from_the_urethra', 'HC_Extra-abdominal_preparation_of_anastomosis', 'CA_Lens_implant_setting-up', 'GR_Bladder_neck_reconstruction', 'CA_Hydrodissection', 'HC_Creation_of_stoma', 'GR_Bladder_neck_identification_and_transection', 'CA_Viscous_agent_removal', 'LH_Transecting_the_Vagina', 'GR_Developing_the_Space_of_Retzius', 'GR_Prostatic_pedicle_control', 'GR_Idle', 'HC_Intra-abdominal_preparation_of_anastomosis', 'LH_Dividing_Uterine_Vessels_and_Ligament', 'LH_Specimen_Removal', 'HC_Dissection_and_resection_of_the_rectum', 'HC_Dissection_of_lymph_nodes_and_blood_vessels_en_bloc', 'HC_Mobilization_of_splenic_flexure', 'LH_Dividing_Ligament_and_Peritoneum', 'LH_Suturing', 'CA_Viscous_agent_injection', 'CA_Incision', 'HC_Exception', 'GR_Right_pelvic_isolated_lymphadenectomy', 'HC_Finalization_of_operation', 'LH_Washing', 'CA_Irrigation_and_aspiration', 'LH_Preparation', 'CA_Tonifying_and_antibiotics', 'HC_Mobilization_of_ascending_colon', 'GR_Ligation_of_the_deep_dorsal_venous_complex', 'HC_Mobilization_of_transverse_colon', 'HC_Retroperitoneal_preparation_towards_lower_pancreatic_border', 'CA_Phacoemulsificiation', 'CA_Capsule_Polishing', 'GR_Development_of_the_plane_between_the_prostate_and_rectum', 'HC_Mobilization_of_sigmoid_colon_and_descending_colon', 'GR_Seminal_vesicle_dissection', 'HC_Retroperitoneal_preparation_of_duodenum_and_pancreatic_head'}","{'HCH_Galbladder_Dissection', 'HCH_Cleaning_Coagulation', 'M2_Trocar_Placement', 'M2_Clipping_Cutting', 'M2_Preparation', 'HCH_Calot_Triangle_Dissection', 'HCH_Galbladder_Retraction', 'HCH_Preparation', 'M2_Calot_Triangle_Dissection', 'M2_Gallbladder_Dissection', 'M2_Cleaning_Coagulation', 'M2_Gallbladder_Retraction', 'HCH_Galbladder_Packaging', 'HCH_Clipping_Cutting', 'M2_Gallbladder_Packaging'}",1716736540,checkpoint_000022,True,False,23,62b39_00000,2024-05-26_17-15-40,95.08048009872437,3181.186893224716,1762169,fb-OMEN-by-HP-45L-Gaming-Desktop-GT22-0xxx,129.69.82.151,3181.186893224716,23
46.00000098347664,7.271051406860352,4.942932020281559,0.66,4.0995493,"{'HC_Extra-abdominal_preparation_of_anastomosis', 'CA_Lens_implant_setting-up', 'GR_Bladder_neck_reconstruction', 'HC_General_preparation_and_orientation_in_the_abdomen', 'CA_Hydrodissection', 'HC_Creation_of_stoma', 'GR_Bladder_neck_identification_and_transection', 'CA_Viscous_agent_removal', 'LH_Transecting_the_Vagina', 'GR_Prostatic_pedicle_control', 'GR_Idle', 'GR_Left_pelvic_isolated_lymphadenectomy', 'HC_Intra-abdominal_preparation_of_anastomosis', 'LH_Dividing_Uterine_Vessels_and_Ligament', 'LH_Specimen_Removal', 'HC_Dissection_and_resection_of_the_rectum', 'HC_Dissection_of_lymph_nodes_and_blood_vessels_en_bloc', 'HC_Mobilization_of_splenic_flexure', 'LH_Dividing_Ligament_and_Peritoneum', 'LH_Suturing', 'CA_Viscous_agent_injection', 'CA_Incision', 'HC_Exception', 'GR_Right_pelvic_isolated_lymphadenectomy', 'CA_Irrigation_and_aspiration', 'LH_Washing', 'LH_Preparation', 'CA_Tonifying_and_antibiotics', 'HC_Mobilization_of_ascending_colon', 'GR_Ligation_of_the_deep_dorsal_venous_complex', 'HC_Mobilization_of_transverse_colon', 'CA_Rhexis', 'HC_Retroperitoneal_preparation_towards_lower_pancreatic_border', 'CA_Phacoemulsificiation', 'GR_Development_of_the_plane_between_the_prostate_and_rectum', 'HC_Mobilization_of_sigmoid_colon_and_descending_colon', 'GR_Seminal_vesicle_dissection'}","{'HCH_Galbladder_Dissection', 'HCH_Cleaning_Coagulation', 'M2_Trocar_Placement', 'M2_Clipping_Cutting', 'M2_Preparation', 'HCH_Calot_Triangle_Dissection', 'HCH_Galbladder_Retraction', 'HCH_Preparation', 'M2_Calot_Triangle_Dissection', 'M2_Gallbladder_Dissection', 'M2_Cleaning_Coagulation', 'M2_Gallbladder_Retraction', 'HCH_Galbladder_Packaging', 'HCH_Clipping_Cutting', 'M2_Gallbladder_Packaging'}",1716736636,checkpoint_000023,True,False,24,62b39_00000,2024-05-26_17-17-16,96.3267297744751,3277.5136229991913,1762169,fb-OMEN-by-HP-45L-Gaming-Desktop-GT22-0xxx,129.69.82.151,3277.5136229991913,24
52.40000130236149,12.336127281188965,4.14038119890571,0.6600001,4.2456694,"{'GR_Severing_of_the_prostate_from_the_urethra', 'CA_Lens_implant_setting-up', 'GR_Bladder_neck_reconstruction', 'HC_General_preparation_and_orientation_in_the_abdomen', 'CA_Hydrodissection', 'HC_Creation_of_stoma', 'GR_Bladder_neck_identification_and_transection', 'CA_Viscous_agent_removal', 'LH_Transecting_the_Vagina', 'GR_Developing_the_Space_of_Retzius', 'GR_Prostatic_pedicle_control', 'GR_Idle', 'GR_Left_pelvic_isolated_lymphadenectomy', 'HC_Intra-abdominal_preparation_of_anastomosis', 'LH_Dividing_Uterine_Vessels_and_Ligament', 'LH_Specimen_Removal', 'HC_Dissection_and_resection_of_the_rectum', 'HC_Dissection_of_lymph_nodes_and_blood_vessels_en_bloc', 'HC_Mobilization_of_splenic_flexure', 'LH_Dividing_Ligament_and_Peritoneum', 'LH_Suturing', 'CA_Incision', 'HC_Exception', 'GR_Right_pelvic_isolated_lymphadenectomy', 'HC_Finalization_of_operation', 'LH_Washing', 'CA_Irrigation_and_aspiration', 'LH_Preparation', 'CA_Tonifying_and_antibiotics', 'HC_Mobilization_of_ascending_colon', 'GR_Ligation_of_the_deep_dorsal_venous_complex', 'HC_Mobilization_of_transverse_colon', 'CA_Rhexis', 'HC_Retroperitoneal_preparation_towards_lower_pancreatic_border', 'CA_Phacoemulsificiation', 'CA_Capsule_Polishing', 'GR_Development_of_the_plane_between_the_prostate_and_rectum', 'HC_Mobilization_of_sigmoid_colon_and_descending_colon', 'HC_Retroperitoneal_preparation_of_duodenum_and_pancreatic_head'}","{'HCH_Galbladder_Dissection', 'HCH_Cleaning_Coagulation', 'M2_Trocar_Placement', 'M2_Clipping_Cutting', 'M2_Preparation', 'HCH_Calot_Triangle_Dissection', 'HCH_Galbladder_Retraction', 'HCH_Preparation', 'M2_Calot_Triangle_Dissection', 'M2_Gallbladder_Dissection', 'M2_Cleaning_Coagulation', 'M2_Gallbladder_Retraction', 'HCH_Galbladder_Packaging', 'HCH_Clipping_Cutting', 'M2_Gallbladder_Packaging'}",1716736731,checkpoint_000024,True,False,25,62b39_00000,2024-05-26_17-18-51,95.08147239685059,3372.595095396042,1762169,fb-OMEN-by-HP-45L-Gaming-Desktop-GT22-0xxx,129.69.82.151,3372.595095396042,25
53.00000128149986,8.940544128417969,4.235595903971973,0.68600005,4.270403,"{'GR_Severing_of_the_prostate_from_the_urethra', 'HC_Extra-abdominal_preparation_of_anastomosis', 'CA_Lens_implant_setting-up', 'GR_Bladder_neck_reconstruction', 'HC_General_preparation_and_orientation_in_the_abdomen', 'CA_Hydrodissection', 'HC_Creation_of_stoma', 'GR_Bladder_neck_identification_and_transection', 'CA_Viscous_agent_removal', 'LH_Transecting_the_Vagina', 'GR_Developing_the_Space_of_Retzius', 'GR_Prostatic_pedicle_control', 'GR_Idle', 'GR_Left_pelvic_isolated_lymphadenectomy', 'HC_Intra-abdominal_preparation_of_anastomosis', 'LH_Dividing_Uterine_Vessels_and_Ligament', 'LH_Specimen_Removal', 'HC_Dissection_and_resection_of_the_rectum', 'HC_Mobilization_of_splenic_flexure', 'LH_Dividing_Ligament_and_Peritoneum', 'LH_Suturing', 'CA_Viscous_agent_injection', 'CA_Incision', 'GR_Right_pelvic_isolated_lymphadenectomy', 'HC_Finalization_of_operation', 'LH_Washing', 'CA_Irrigation_and_aspiration', 'LH_Preparation', 'CA_Tonifying_and_antibiotics', 'HC_Mobilization_of_ascending_colon', 'GR_Ligation_of_the_deep_dorsal_venous_complex', 'CA_Rhexis', 'HC_Retroperitoneal_preparation_towards_lower_pancreatic_border', 'CA_Phacoemulsificiation', 'CA_Capsule_Polishing', 'GR_Development_of_the_plane_between_the_prostate_and_rectum', 'HC_Mobilization_of_sigmoid_colon_and_descending_colon', 'GR_Seminal_vesicle_dissection'}","{'HCH_Galbladder_Dissection', 'HCH_Cleaning_Coagulation', 'M2_Trocar_Placement', 'M2_Clipping_Cutting', 'M2_Preparation', 'HCH_Calot_Triangle_Dissection', 'HCH_Galbladder_Retraction', 'HCH_Preparation', 'M2_Calot_Triangle_Dissection', 'M2_Gallbladder_Dissection', 'M2_Cleaning_Coagulation', 'M2_Gallbladder_Retraction', 'HCH_Galbladder_Packaging', 'HCH_Clipping_Cutting', 'M2_Gallbladder_Packaging'}",1716736829,checkpoint_000025,True,False,26,62b39_00000,2024-05-26_17-20-29,97.43139147758484,3470.0264868736267,1762169,fb-OMEN-by-HP-45L-Gaming-Desktop-GT22-0xxx,129.69.82.151,3470.0264868736267,26
55.20000125467778,10.6889009475708,4.189818106763423,0.6800001,4.3411217,"{'GR_Severing_of_the_prostate_from_the_urethra', 'HC_Extra-abdominal_preparation_of_anastomosis', 'CA_Lens_implant_setting-up', 'GR_Bladder_neck_reconstruction', 'HC_General_preparation_and_orientation_in_the_abdomen', 'CA_Hydrodissection', 'HC_Creation_of_stoma', 'GR_Bladder_neck_identification_and_transection', 'CA_Viscous_agent_removal', 'LH_Transecting_the_Vagina', 'GR_Developing_the_Space_of_Retzius', 'GR_Prostatic_pedicle_control', 'GR_Idle', 'GR_Left_pelvic_isolated_lymphadenectomy', 'HC_Intra-abdominal_preparation_of_anastomosis', 'LH_Dividing_Uterine_Vessels_and_Ligament', 'HC_Dissection_and_resection_of_the_rectum', 'HC_Mobilization_of_splenic_flexure', 'LH_Dividing_Ligament_and_Peritoneum', 'LH_Suturing', 'CA_Viscous_agent_injection', 'CA_Incision', 'HC_Exception', 'GR_Right_pelvic_isolated_lymphadenectomy', 'CA_Irrigation_and_aspiration', 'LH_Washing', 'LH_Preparation', 'CA_Tonifying_and_antibiotics', 'HC_Mobilization_of_ascending_colon', 'GR_Ligation_of_the_deep_dorsal_venous_complex', 'HC_Mobilization_of_transverse_colon', 'HC_Retroperitoneal_preparation_towards_lower_pancreatic_border', 'CA_Phacoemulsificiation', 'CA_Capsule_Polishing', 'GR_Development_of_the_plane_between_the_prostate_and_rectum', 'HC_Mobilization_of_sigmoid_colon_and_descending_colon', 'GR_Seminal_vesicle_dissection', 'HC_Retroperitoneal_preparation_of_duodenum_and_pancreatic_head'}","{'HCH_Galbladder_Dissection', 'HCH_Cleaning_Coagulation', 'M2_Trocar_Placement', 'M2_Clipping_Cutting', 'M2_Preparation', 'HCH_Calot_Triangle_Dissection', 'HCH_Galbladder_Retraction', 'HCH_Preparation', 'M2_Calot_Triangle_Dissection', 'M2_Gallbladder_Dissection', 'M2_Cleaning_Coagulation', 'M2_Gallbladder_Retraction', 'HCH_Galbladder_Packaging', 'HCH_Clipping_Cutting', 'M2_Gallbladder_Packaging'}",1716736925,checkpoint_000026,True,False,27,62b39_00000,2024-05-26_17-22-05,95.9016330242157,3565.9281198978424,1762169,fb-OMEN-by-HP-45L-Gaming-Desktop-GT22-0xxx,129.69.82.151,3565.9281198978424,27
55.20000138878822,8.682384490966797,3.8054297868988662,0.63600004,4.947363,"{'GR_Severing_of_the_prostate_from_the_urethra', 'HC_Extra-abdominal_preparation_of_anastomosis', 'GR_Bladder_neck_reconstruction', 'HC_General_preparation_and_orientation_in_the_abdomen', 'CA_Hydrodissection', 'HC_Creation_of_stoma', 'GR_Bladder_neck_identification_and_transection', 'CA_Viscous_agent_removal', 'LH_Transecting_the_Vagina', 'GR_Developing_the_Space_of_Retzius', 'GR_Prostatic_pedicle_control', 'GR_Idle', 'HC_Intra-abdominal_preparation_of_anastomosis', 'LH_Dividing_Uterine_Vessels_and_Ligament', 'LH_Specimen_Removal', 'HC_Dissection_and_resection_of_the_rectum', 'HC_Dissection_of_lymph_nodes_and_blood_vessels_en_bloc', 'HC_Mobilization_of_splenic_flexure', 'LH_Dividing_Ligament_and_Peritoneum', 'LH_Suturing', 'CA_Viscous_agent_injection', 'CA_Incision', 'HC_Exception', 'HC_Finalization_of_operation', 'LH_Washing', 'CA_Irrigation_and_aspiration', 'LH_Preparation', 'CA_Tonifying_and_antibiotics', 'GR_Ligation_of_the_deep_dorsal_venous_complex', 'HC_Mobilization_of_transverse_colon', 'CA_Rhexis', 'HC_Retroperitoneal_preparation_towards_lower_pancreatic_border', 'CA_Phacoemulsificiation', 'CA_Capsule_Polishing', 'GR_Development_of_the_plane_between_the_prostate_and_rectum', 'HC_Mobilization_of_sigmoid_colon_and_descending_colon', 'GR_Seminal_vesicle_dissection', 'HC_Retroperitoneal_preparation_of_duodenum_and_pancreatic_head'}","{'HCH_Galbladder_Dissection', 'HCH_Cleaning_Coagulation', 'M2_Trocar_Placement', 'M2_Clipping_Cutting', 'M2_Preparation', 'HCH_Calot_Triangle_Dissection', 'HCH_Galbladder_Retraction', 'HCH_Preparation', 'M2_Calot_Triangle_Dissection', 'M2_Gallbladder_Dissection', 'M2_Cleaning_Coagulation', 'M2_Gallbladder_Retraction', 'HCH_Galbladder_Packaging', 'HCH_Clipping_Cutting', 'M2_Gallbladder_Packaging'}",1716737020,checkpoint_000027,True,False,28,62b39_00000,2024-05-26_17-23-40,95.37397193908691,3661.3020918369293,1762169,fb-OMEN-by-HP-45L-Gaming-Desktop-GT22-0xxx,129.69.82.151,3661.3020918369293,28
57.40000121295452,9.162335395812988,4.423003976246752,0.674,4.260514,"{'GR_Severing_of_the_prostate_from_the_urethra', 'HC_Extra-abdominal_preparation_of_anastomosis', 'CA_Lens_implant_setting-up', 'GR_Bladder_neck_reconstruction', 'HC_General_preparation_and_orientation_in_the_abdomen', 'CA_Hydrodissection', 'HC_Creation_of_stoma', 'GR_Bladder_neck_identification_and_transection', 'CA_Viscous_agent_removal', 'LH_Transecting_the_Vagina', 'GR_Developing_the_Space_of_Retzius', 'GR_Prostatic_pedicle_control', 'GR_Idle', 'GR_Left_pelvic_isolated_lymphadenectomy', 'HC_Intra-abdominal_preparation_of_anastomosis', 'LH_Dividing_Uterine_Vessels_and_Ligament', 'LH_Specimen_Removal', 'HC_Dissection_of_lymph_nodes_and_blood_vessels_en_bloc', 'LH_Dividing_Ligament_and_Peritoneum', 'LH_Suturing', 'CA_Viscous_agent_injection', 'CA_Incision', 'HC_Exception', 'GR_Right_pelvic_isolated_lymphadenectomy', 'HC_Finalization_of_operation', 'LH_Washing', 'CA_Irrigation_and_aspiration', 'LH_Preparation', 'CA_Tonifying_and_antibiotics', 'HC_Mobilization_of_ascending_colon', 'GR_Ligation_of_the_deep_dorsal_venous_complex', 'HC_Mobilization_of_transverse_colon', 'CA_Rhexis', 'HC_Retroperitoneal_preparation_towards_lower_pancreatic_border', 'HC_Mobilization_of_sigmoid_colon_and_descending_colon', 'GR_Seminal_vesicle_dissection'}","{'HCH_Galbladder_Dissection', 'HCH_Cleaning_Coagulation', 'M2_Trocar_Placement', 'M2_Clipping_Cutting', 'M2_Preparation', 'HCH_Calot_Triangle_Dissection', 'HCH_Galbladder_Retraction', 'HCH_Preparation', 'M2_Calot_Triangle_Dissection', 'M2_Gallbladder_Dissection', 'M2_Cleaning_Coagulation', 'M2_Gallbladder_Retraction', 'HCH_Galbladder_Packaging', 'HCH_Clipping_Cutting', 'M2_Gallbladder_Packaging'}",1716737116,checkpoint_000028,True,False,29,62b39_00000,2024-05-26_17-25-16,96.3143699169159,3757.616461753845,1762169,fb-OMEN-by-HP-45L-Gaming-Desktop-GT22-0xxx,129.69.82.151,3757.616461753845,29
46.00000108778477,14.99439811706543,4.5207646371449135,0.7019999,3.8078136,"{'GR_Severing_of_the_prostate_from_the_urethra', 'HC_Extra-abdominal_preparation_of_anastomosis', 'CA_Lens_implant_setting-up', 'GR_Bladder_neck_reconstruction', 'CA_Hydrodissection', 'HC_Creation_of_stoma', 'GR_Bladder_neck_identification_and_transection', 'CA_Viscous_agent_removal', 'LH_Transecting_the_Vagina', 'GR_Prostatic_pedicle_control', 'GR_Idle', 'GR_Left_pelvic_isolated_lymphadenectomy', 'HC_Intra-abdominal_preparation_of_anastomosis', 'LH_Dividing_Uterine_Vessels_and_Ligament', 'LH_Specimen_Removal', 'HC_Mobilization_of_splenic_flexure', 'LH_Dividing_Ligament_and_Peritoneum', 'LH_Suturing', 'CA_Viscous_agent_injection', 'CA_Incision', 'HC_Exception', 'GR_Right_pelvic_isolated_lymphadenectomy', 'HC_Finalization_of_operation', 'LH_Washing', 'CA_Irrigation_and_aspiration', 'LH_Preparation', 'GR_Ligation_of_the_deep_dorsal_venous_complex', 'HC_Mobilization_of_transverse_colon', 'CA_Rhexis', 'HC_Retroperitoneal_preparation_towards_lower_pancreatic_border', 'CA_Capsule_Polishing', 'GR_Development_of_the_plane_between_the_prostate_and_rectum', 'HC_Mobilization_of_sigmoid_colon_and_descending_colon', 'GR_Seminal_vesicle_dissection', 'HC_Retroperitoneal_preparation_of_duodenum_and_pancreatic_head'}","{'HCH_Galbladder_Dissection', 'HCH_Cleaning_Coagulation', 'M2_Trocar_Placement', 'M2_Clipping_Cutting', 'M2_Preparation', 'HCH_Calot_Triangle_Dissection', 'HCH_Galbladder_Retraction', 'HCH_Preparation', 'M2_Calot_Triangle_Dissection', 'M2_Gallbladder_Dissection', 'M2_Cleaning_Coagulation', 'M2_Gallbladder_Retraction', 'HCH_Galbladder_Packaging', 'HCH_Clipping_Cutting', 'M2_Gallbladder_Packaging'}",1716737212,checkpoint_000029,True,False,30,62b39_00000,2024-05-26_17-26-52,95.17225170135498,3852.7887134552,1762169,fb-OMEN-by-HP-45L-Gaming-Desktop-GT22-0xxx,129.69.82.151,3852.7887134552,30
49.60000114142895,6.364940643310547,4.45157391852163,0.59199995,5.549541,"{'GR_Severing_of_the_prostate_from_the_urethra', 'HC_Extra-abdominal_preparation_of_anastomosis', 'CA_Lens_implant_setting-up', 'GR_Bladder_neck_reconstruction', 'HC_Creation_of_stoma', 'GR_Bladder_neck_identification_and_transection', 'CA_Viscous_agent_removal', 'LH_Transecting_the_Vagina', 'GR_Developing_the_Space_of_Retzius', 'GR_Prostatic_pedicle_control', 'GR_Idle', 'GR_Left_pelvic_isolated_lymphadenectomy', 'HC_Intra-abdominal_preparation_of_anastomosis', 'LH_Dividing_Uterine_Vessels_and_Ligament', 'LH_Specimen_Removal', 'HC_Dissection_and_resection_of_the_rectum', 'HC_Dissection_of_lymph_nodes_and_blood_vessels_en_bloc', 'HC_Mobilization_of_splenic_flexure', 'LH_Dividing_Ligament_and_Peritoneum', 'LH_Suturing', 'CA_Viscous_agent_injection', 'CA_Incision', 'HC_Exception', 'GR_Right_pelvic_isolated_lymphadenectomy', 'HC_Finalization_of_operation', 'CA_Irrigation_and_aspiration', 'LH_Preparation', 'CA_Tonifying_and_antibiotics', 'HC_Mobilization_of_ascending_colon', 'GR_Ligation_of_the_deep_dorsal_venous_complex', 'CA_Rhexis', 'CA_Phacoemulsificiation', 'CA_Capsule_Polishing', 'GR_Development_of_the_plane_between_the_prostate_and_rectum', 'HC_Mobilization_of_sigmoid_colon_and_descending_colon', 'GR_Seminal_vesicle_dissection', 'HC_Retroperitoneal_preparation_of_duodenum_and_pancreatic_head'}","{'HCH_Galbladder_Dissection', 'HCH_Cleaning_Coagulation', 'M2_Trocar_Placement', 'M2_Clipping_Cutting', 'M2_Preparation', 'HCH_Calot_Triangle_Dissection', 'HCH_Galbladder_Retraction', 'HCH_Preparation', 'M2_Calot_Triangle_Dissection', 'M2_Gallbladder_Dissection', 'M2_Cleaning_Coagulation', 'M2_Gallbladder_Retraction', 'HCH_Galbladder_Packaging', 'HCH_Clipping_Cutting', 'M2_Gallbladder_Packaging'}",1716737308,checkpoint_000030,True,False,31,62b39_00000,2024-05-26_17-28-28,96.0595178604126,3948.848231315613,1762169,fb-OMEN-by-HP-45L-Gaming-Desktop-GT22-0xxx,129.69.82.151,3948.848231315613,31
48.400001242756844,11.264740943908691,4.0805675964836405,0.648,4.4150734,"{'GR_Severing_of_the_prostate_from_the_urethra', 'CA_Lens_implant_setting-up', 'GR_Bladder_neck_reconstruction', 'HC_General_preparation_and_orientation_in_the_abdomen', 'CA_Hydrodissection', 'HC_Creation_of_stoma', 'GR_Bladder_neck_identification_and_transection', 'CA_Viscous_agent_removal', 'LH_Transecting_the_Vagina', 'GR_Developing_the_Space_of_Retzius', 'GR_Prostatic_pedicle_control', 'GR_Idle', 'GR_Left_pelvic_isolated_lymphadenectomy', 'LH_Dividing_Uterine_Vessels_and_Ligament', 'LH_Specimen_Removal', 'HC_Dissection_and_resection_of_the_rectum', 'HC_Dissection_of_lymph_nodes_and_blood_vessels_en_bloc', 'HC_Mobilization_of_splenic_flexure', 'LH_Dividing_Ligament_and_Peritoneum', 'LH_Suturing', 'CA_Viscous_agent_injection', 'CA_Incision', 'HC_Exception', 'GR_Right_pelvic_isolated_lymphadenectomy', 'CA_Irrigation_and_aspiration', 'LH_Washing', 'CA_Tonifying_and_antibiotics', 'HC_Mobilization_of_ascending_colon', 'GR_Ligation_of_the_deep_dorsal_venous_complex', 'CA_Rhexis', 'HC_Retroperitoneal_preparation_towards_lower_pancreatic_border', 'CA_Capsule_Polishing', 'GR_Development_of_the_plane_between_the_prostate_and_rectum', 'HC_Mobilization_of_sigmoid_colon_and_descending_colon', 'HC_Retroperitoneal_preparation_of_duodenum_and_pancreatic_head'}","{'HCH_Galbladder_Dissection', 'HCH_Cleaning_Coagulation', 'M2_Trocar_Placement', 'M2_Clipping_Cutting', 'M2_Preparation', 'HCH_Calot_Triangle_Dissection', 'HCH_Galbladder_Retraction', 'HCH_Preparation', 'M2_Calot_Triangle_Dissection', 'M2_Gallbladder_Dissection', 'M2_Cleaning_Coagulation', 'M2_Gallbladder_Retraction', 'HCH_Galbladder_Packaging', 'HCH_Clipping_Cutting', 'M2_Gallbladder_Packaging'}",1716737403,checkpoint_000031,True,False,32,62b39_00000,2024-05-26_17-30-03,95.58212471008301,4044.430356025696,1762169,fb-OMEN-by-HP-45L-Gaming-Desktop-GT22-0xxx,129.69.82.151,4044.430356025696,32
54.6000012755394,6.728811264038086,4.600116311477482,0.68,4.1968813,"{'GR_Severing_of_the_prostate_from_the_urethra', 'HC_Extra-abdominal_preparation_of_anastomosis', 'CA_Lens_implant_setting-up', 'GR_Bladder_neck_reconstruction', 'HC_General_preparation_and_orientation_in_the_abdomen', 'CA_Hydrodissection', 'HC_Creation_of_stoma', 'GR_Bladder_neck_identification_and_transection', 'CA_Viscous_agent_removal', 'LH_Transecting_the_Vagina', 'GR_Developing_the_Space_of_Retzius', 'GR_Prostatic_pedicle_control', 'GR_Idle', 'GR_Left_pelvic_isolated_lymphadenectomy', 'HC_Intra-abdominal_preparation_of_anastomosis', 'LH_Dividing_Uterine_Vessels_and_Ligament', 'LH_Specimen_Removal', 'HC_Mobilization_of_splenic_flexure', 'HC_Dissection_of_lymph_nodes_and_blood_vessels_en_bloc', 'LH_Dividing_Ligament_and_Peritoneum', 'LH_Suturing', 'CA_Incision', 'GR_Right_pelvic_isolated_lymphadenectomy', 'HC_Finalization_of_operation', 'LH_Washing', 'CA_Irrigation_and_aspiration', 'LH_Preparation', 'CA_Tonifying_and_antibiotics', 'HC_Mobilization_of_ascending_colon', 'GR_Ligation_of_the_deep_dorsal_venous_complex', 'HC_Mobilization_of_transverse_colon', 'CA_Rhexis', 'HC_Retroperitoneal_preparation_towards_lower_pancreatic_border', 'CA_Phacoemulsificiation', 'CA_Capsule_Polishing', 'GR_Development_of_the_plane_between_the_prostate_and_rectum', 'HC_Mobilization_of_sigmoid_colon_and_descending_colon', 'GR_Seminal_vesicle_dissection'}","{'HCH_Galbladder_Dissection', 'HCH_Cleaning_Coagulation', 'M2_Trocar_Placement', 'M2_Clipping_Cutting', 'M2_Preparation', 'HCH_Calot_Triangle_Dissection', 'HCH_Galbladder_Retraction', 'HCH_Preparation', 'M2_Calot_Triangle_Dissection', 'M2_Gallbladder_Dissection', 'M2_Cleaning_Coagulation', 'M2_Gallbladder_Retraction', 'HCH_Galbladder_Packaging', 'HCH_Clipping_Cutting', 'M2_Gallbladder_Packaging'}",1716737500,checkpoint_000032,True,False,33,62b39_00000,2024-05-26_17-31-40,96.7240092754364,4141.154365301132,1762169,fb-OMEN-by-HP-45L-Gaming-Desktop-GT22-0xxx,129.69.82.151,4141.154365301132,33
57.200001269578934,5.901144504547119,4.33049129869563,0.7080001,4.225639,"{'GR_Severing_of_the_prostate_from_the_urethra', 'HC_Extra-abdominal_preparation_of_anastomosis', 'CA_Lens_implant_setting-up', 'GR_Bladder_neck_reconstruction', 'HC_General_preparation_and_orientation_in_the_abdomen', 'CA_Hydrodissection', 'GR_Bladder_neck_identification_and_transection', 'LH_Transecting_the_Vagina', 'GR_Developing_the_Space_of_Retzius', 'GR_Prostatic_pedicle_control', 'GR_Left_pelvic_isolated_lymphadenectomy', 'HC_Intra-abdominal_preparation_of_anastomosis', 'LH_Dividing_Uterine_Vessels_and_Ligament', 'LH_Specimen_Removal', 'HC_Mobilization_of_splenic_flexure', 'HC_Dissection_of_lymph_nodes_and_blood_vessels_en_bloc', 'LH_Dividing_Ligament_and_Peritoneum', 'LH_Suturing', 'CA_Viscous_agent_injection', 'CA_Incision', 'HC_Exception', 'GR_Right_pelvic_isolated_lymphadenectomy', 'HC_Finalization_of_operation', 'LH_Washing', 'CA_Irrigation_and_aspiration', 'LH_Preparation', 'CA_Tonifying_and_antibiotics', 'HC_Mobilization_of_ascending_colon', 'GR_Ligation_of_the_deep_dorsal_venous_complex', 'HC_Mobilization_of_transverse_colon', 'CA_Rhexis', 'HC_Retroperitoneal_preparation_towards_lower_pancreatic_border', 'CA_Capsule_Polishing', 'GR_Development_of_the_plane_between_the_prostate_and_rectum', 'HC_Mobilization_of_sigmoid_colon_and_descending_colon', 'GR_Seminal_vesicle_dissection'}","{'HCH_Galbladder_Dissection', 'HCH_Cleaning_Coagulation', 'M2_Trocar_Placement', 'M2_Clipping_Cutting', 'M2_Preparation', 'HCH_Calot_Triangle_Dissection', 'HCH_Galbladder_Retraction', 'HCH_Preparation', 'M2_Calot_Triangle_Dissection', 'M2_Gallbladder_Dissection', 'M2_Cleaning_Coagulation', 'M2_Gallbladder_Retraction', 'HCH_Galbladder_Packaging', 'HCH_Clipping_Cutting', 'M2_Gallbladder_Packaging'}",1716737596,checkpoint_000033,True,False,34,62b39_00000,2024-05-26_17-33-16,96.10473728179932,4237.2591025829315,1762169,fb-OMEN-by-HP-45L-Gaming-Desktop-GT22-0xxx,129.69.82.151,4237.2591025829315,34
49.80000126361847,12.800395965576172,3.780107954646362,0.7260001,3.482293,"{'GR_Severing_of_the_prostate_from_the_urethra', 'HC_Extra-abdominal_preparation_of_anastomosis', 'CA_Lens_implant_setting-up', 'GR_Bladder_neck_reconstruction', 'HC_General_preparation_and_orientation_in_the_abdomen', 'CA_Hydrodissection', 'HC_Creation_of_stoma', 'GR_Bladder_neck_identification_and_transection', 'CA_Viscous_agent_removal', 'LH_Transecting_the_Vagina', 'GR_Developing_the_Space_of_Retzius', 'GR_Prostatic_pedicle_control', 'GR_Idle', 'GR_Left_pelvic_isolated_lymphadenectomy', 'LH_Dividing_Uterine_Vessels_and_Ligament', 'LH_Specimen_Removal', 'HC_Dissection_and_resection_of_the_rectum', 'HC_Dissection_of_lymph_nodes_and_blood_vessels_en_bloc', 'LH_Dividing_Ligament_and_Peritoneum', 'LH_Suturing', 'CA_Incision', 'HC_Exception', 'HC_Finalization_of_operation', 'LH_Washing', 'CA_Irrigation_and_aspiration', 'LH_Preparation', 'CA_Tonifying_and_antibiotics', 'HC_Mobilization_of_ascending_colon', 'GR_Ligation_of_the_deep_dorsal_venous_complex', 'HC_Retroperitoneal_preparation_towards_lower_pancreatic_border', 'CA_Phacoemulsificiation', 'CA_Capsule_Polishing', 'GR_Development_of_the_plane_between_the_prostate_and_rectum', 'HC_Mobilization_of_sigmoid_colon_and_descending_colon', 'GR_Seminal_vesicle_dissection', 'HC_Retroperitoneal_preparation_of_duodenum_and_pancreatic_head'}","{'HCH_Galbladder_Dissection', 'HCH_Cleaning_Coagulation', 'M2_Trocar_Placement', 'M2_Clipping_Cutting', 'M2_Preparation', 'HCH_Calot_Triangle_Dissection', 'HCH_Galbladder_Retraction', 'HCH_Preparation', 'M2_Calot_Triangle_Dissection', 'M2_Gallbladder_Dissection', 'M2_Cleaning_Coagulation', 'M2_Gallbladder_Retraction', 'HCH_Galbladder_Packaging', 'HCH_Clipping_Cutting', 'M2_Gallbladder_Packaging'}",1716737693,checkpoint_000034,True,False,35,62b39_00000,2024-05-26_17-34-53,96.35385465621948,4333.612957239151,1762169,fb-OMEN-by-HP-45L-Gaming-Desktop-GT22-0xxx,129.69.82.151,4333.612957239151,35
56.200001284480095,7.398289203643799,4.72664886863407,0.7200001,3.9673855,"{'GR_Severing_of_the_prostate_from_the_urethra', 'CA_Lens_implant_setting-up', 'GR_Bladder_neck_reconstruction', 'HC_General_preparation_and_orientation_in_the_abdomen', 'CA_Hydrodissection', 'HC_Creation_of_stoma', 'GR_Bladder_neck_identification_and_transection', 'CA_Viscous_agent_removal', 'LH_Transecting_the_Vagina', 'GR_Developing_the_Space_of_Retzius', 'GR_Prostatic_pedicle_control', 'GR_Idle', 'GR_Left_pelvic_isolated_lymphadenectomy', 'HC_Intra-abdominal_preparation_of_anastomosis', 'LH_Dividing_Uterine_Vessels_and_Ligament', 'LH_Specimen_Removal', 'HC_Dissection_and_resection_of_the_rectum', 'HC_Dissection_of_lymph_nodes_and_blood_vessels_en_bloc', 'HC_Mobilization_of_splenic_flexure', 'LH_Dividing_Ligament_and_Peritoneum', 'LH_Suturing', 'CA_Viscous_agent_injection', 'CA_Incision', 'HC_Exception', 'GR_Right_pelvic_isolated_lymphadenectomy', 'HC_Finalization_of_operation', 'LH_Washing', 'CA_Irrigation_and_aspiration', 'LH_Preparation', 'CA_Tonifying_and_antibiotics', 'GR_Ligation_of_the_deep_dorsal_venous_complex', 'CA_Rhexis', 'HC_Retroperitoneal_preparation_towards_lower_pancreatic_border', 'CA_Phacoemulsificiation', 'CA_Capsule_Polishing', 'GR_Development_of_the_plane_between_the_prostate_and_rectum', 'HC_Mobilization_of_sigmoid_colon_and_descending_colon', 'GR_Seminal_vesicle_dissection', 'HC_Retroperitoneal_preparation_of_duodenum_and_pancreatic_head'}","{'HCH_Galbladder_Dissection', 'HCH_Cleaning_Coagulation', 'M2_Trocar_Placement', 'M2_Clipping_Cutting', 'M2_Preparation', 'HCH_Calot_Triangle_Dissection', 'HCH_Galbladder_Retraction', 'HCH_Preparation', 'M2_Calot_Triangle_Dissection', 'M2_Gallbladder_Dissection', 'M2_Cleaning_Coagulation', 'M2_Gallbladder_Retraction', 'HCH_Galbladder_Packaging', 'HCH_Clipping_Cutting', 'M2_Gallbladder_Packaging'}",1716737788,checkpoint_000035,True,False,36,62b39_00000,2024-05-26_17-36-28,95.95528936386108,4429.568246603012,1762169,fb-OMEN-by-HP-45L-Gaming-Desktop-GT22-0xxx,129.69.82.151,4429.568246603012,36
50.600001186132424,8.255873680114746,4.0150829364709875,0.72,3.5716422,"{'GR_Severing_of_the_prostate_from_the_urethra', 'HC_Extra-abdominal_preparation_of_anastomosis', 'CA_Lens_implant_setting-up', 'GR_Bladder_neck_reconstruction', 'HC_General_preparation_and_orientation_in_the_abdomen', 'CA_Hydrodissection', 'GR_Bladder_neck_identification_and_transection', 'CA_Viscous_agent_removal', 'LH_Transecting_the_Vagina', 'GR_Developing_the_Space_of_Retzius', 'GR_Prostatic_pedicle_control', 'GR_Idle', 'GR_Left_pelvic_isolated_lymphadenectomy', 'HC_Intra-abdominal_preparation_of_anastomosis', 'LH_Dividing_Uterine_Vessels_and_Ligament', 'LH_Specimen_Removal', 'HC_Mobilization_of_splenic_flexure', 'HC_Dissection_of_lymph_nodes_and_blood_vessels_en_bloc', 'LH_Dividing_Ligament_and_Peritoneum', 'LH_Suturing', 'CA_Viscous_agent_injection', 'CA_Incision', 'HC_Exception', 'GR_Right_pelvic_isolated_lymphadenectomy', 'HC_Finalization_of_operation', 'LH_Washing', 'CA_Irrigation_and_aspiration', 'LH_Preparation', 'CA_Tonifying_and_antibiotics', 'HC_Mobilization_of_ascending_colon', 'GR_Ligation_of_the_deep_dorsal_venous_complex', 'HC_Mobilization_of_transverse_colon', 'CA_Rhexis', 'HC_Retroperitoneal_preparation_towards_lower_pancreatic_border', 'CA_Capsule_Polishing', 'GR_Development_of_the_plane_between_the_prostate_and_rectum', 'HC_Mobilization_of_sigmoid_colon_and_descending_colon', 'GR_Seminal_vesicle_dissection', 'HC_Retroperitoneal_preparation_of_duodenum_and_pancreatic_head'}","{'HCH_Galbladder_Dissection', 'HCH_Cleaning_Coagulation', 'M2_Trocar_Placement', 'M2_Clipping_Cutting', 'M2_Preparation', 'HCH_Calot_Triangle_Dissection', 'HCH_Galbladder_Retraction', 'HCH_Preparation', 'M2_Calot_Triangle_Dissection', 'M2_Gallbladder_Dissection', 'M2_Cleaning_Coagulation', 'M2_Gallbladder_Retraction', 'HCH_Galbladder_Packaging', 'HCH_Clipping_Cutting', 'M2_Gallbladder_Packaging'}",1716737884,checkpoint_000036,True,False,37,62b39_00000,2024-05-26_17-38-04,96.01005530357361,4525.578301906586,1762169,fb-OMEN-by-HP-45L-Gaming-Desktop-GT22-0xxx,129.69.82.151,4525.578301906586,37
60.00000129640103,6.533546447753906,4.1854146879262855,0.7200001,3.5125968,"{'GR_Severing_of_the_prostate_from_the_urethra', 'HC_Extra-abdominal_preparation_of_anastomosis', 'CA_Lens_implant_setting-up', 'GR_Bladder_neck_reconstruction', 'HC_General_preparation_and_orientation_in_the_abdomen', 'CA_Hydrodissection', 'HC_Creation_of_stoma', 'GR_Bladder_neck_identification_and_transection', 'CA_Viscous_agent_removal', 'LH_Transecting_the_Vagina', 'GR_Prostatic_pedicle_control', 'GR_Idle', 'GR_Left_pelvic_isolated_lymphadenectomy', 'HC_Intra-abdominal_preparation_of_anastomosis', 'LH_Dividing_Uterine_Vessels_and_Ligament', 'LH_Specimen_Removal', 'HC_Dissection_and_resection_of_the_rectum', 'HC_Mobilization_of_splenic_flexure', 'LH_Dividing_Ligament_and_Peritoneum', 'LH_Suturing', 'CA_Viscous_agent_injection', 'CA_Incision', 'HC_Exception', 'GR_Right_pelvic_isolated_lymphadenectomy', 'CA_Irrigation_and_aspiration', 'LH_Washing', 'LH_Preparation', 'CA_Tonifying_and_antibiotics', 'HC_Mobilization_of_ascending_colon', 'GR_Ligation_of_the_deep_dorsal_venous_complex', 'HC_Mobilization_of_transverse_colon', 'CA_Rhexis', 'HC_Retroperitoneal_preparation_towards_lower_pancreatic_border', 'CA_Phacoemulsificiation', 'CA_Capsule_Polishing', 'GR_Development_of_the_plane_between_the_prostate_and_rectum', 'HC_Mobilization_of_sigmoid_colon_and_descending_colon', 'GR_Seminal_vesicle_dissection', 'HC_Retroperitoneal_preparation_of_duodenum_and_pancreatic_head'}","{'HCH_Galbladder_Dissection', 'HCH_Cleaning_Coagulation', 'M2_Trocar_Placement', 'M2_Clipping_Cutting', 'M2_Preparation', 'HCH_Calot_Triangle_Dissection', 'HCH_Galbladder_Retraction', 'HCH_Preparation', 'M2_Calot_Triangle_Dissection', 'M2_Gallbladder_Dissection', 'M2_Cleaning_Coagulation', 'M2_Gallbladder_Retraction', 'HCH_Galbladder_Packaging', 'HCH_Clipping_Cutting', 'M2_Gallbladder_Packaging'}",1716737980,checkpoint_000037,True,False,38,62b39_00000,2024-05-26_17-39-40,95.47633767127991,4621.054639577866,1762169,fb-OMEN-by-HP-45L-Gaming-Desktop-GT22-0xxx,129.69.82.151,4621.054639577866,38
39.40000084042549,9.215726852416992,4.015082947534663,0.4720001,6.9962416,"{'GR_Severing_of_the_prostate_from_the_urethra', 'HC_Extra-abdominal_preparation_of_anastomosis', 'GR_Bladder_neck_reconstruction', 'HC_General_preparation_and_orientation_in_the_abdomen', 'HC_Creation_of_stoma', 'GR_Bladder_neck_identification_and_transection', 'CA_Viscous_agent_removal', 'LH_Transecting_the_Vagina', 'GR_Developing_the_Space_of_Retzius', 'GR_Prostatic_pedicle_control', 'GR_Idle', 'HC_Intra-abdominal_preparation_of_anastomosis', 'LH_Dividing_Uterine_Vessels_and_Ligament', 'LH_Specimen_Removal', 'HC_Dissection_and_resection_of_the_rectum', 'HC_Dissection_of_lymph_nodes_and_blood_vessels_en_bloc', 'LH_Dividing_Ligament_and_Peritoneum', 'LH_Suturing', 'CA_Viscous_agent_injection', 'CA_Incision', 'HC_Exception', 'GR_Right_pelvic_isolated_lymphadenectomy', 'HC_Finalization_of_operation', 'LH_Washing', 'CA_Irrigation_and_aspiration', 'LH_Preparation', 'CA_Tonifying_and_antibiotics', 'HC_Mobilization_of_ascending_colon', 'GR_Ligation_of_the_deep_dorsal_venous_complex', 'HC_Mobilization_of_transverse_colon', 'CA_Rhexis', 'CA_Phacoemulsificiation', 'CA_Capsule_Polishing', 'GR_Development_of_the_plane_between_the_prostate_and_rectum', 'HC_Mobilization_of_sigmoid_colon_and_descending_colon', 'GR_Seminal_vesicle_dissection', 'HC_Retroperitoneal_preparation_of_duodenum_and_pancreatic_head'}","{'HCH_Galbladder_Dissection', 'HCH_Cleaning_Coagulation', 'M2_Trocar_Placement', 'M2_Clipping_Cutting', 'M2_Preparation', 'HCH_Calot_Triangle_Dissection', 'HCH_Galbladder_Retraction', 'HCH_Preparation', 'M2_Calot_Triangle_Dissection', 'M2_Gallbladder_Dissection', 'M2_Cleaning_Coagulation', 'M2_Gallbladder_Retraction', 'HCH_Galbladder_Packaging', 'HCH_Clipping_Cutting', 'M2_Gallbladder_Packaging'}",1716738076,checkpoint_000038,True,False,39,62b39_00000,2024-05-26_17-41-16,96.20489311218262,4717.259532690048,1762169,fb-OMEN-by-HP-45L-Gaming-Desktop-GT22-0xxx,129.69.82.151,4717.259532690048,39
30.80000065267086,18.840967178344727,3.857566926481815,0.36600006,8.007188,"{'GR_Severing_of_the_prostate_from_the_urethra', 'HC_Extra-abdominal_preparation_of_anastomosis', 'CA_Lens_implant_setting-up', 'GR_Bladder_neck_reconstruction', 'HC_General_preparation_and_orientation_in_the_abdomen', 'HC_Creation_of_stoma', 'GR_Bladder_neck_identification_and_transection', 'LH_Transecting_the_Vagina', 'GR_Developing_the_Space_of_Retzius', 'GR_Prostatic_pedicle_control', 'GR_Left_pelvic_isolated_lymphadenectomy', 'HC_Intra-abdominal_preparation_of_anastomosis', 'LH_Dividing_Uterine_Vessels_and_Ligament', 'LH_Specimen_Removal', 'HC_Dissection_and_resection_of_the_rectum', 'HC_Dissection_of_lymph_nodes_and_blood_vessels_en_bloc', 'LH_Dividing_Ligament_and_Peritoneum', 'CA_Viscous_agent_injection', 'CA_Incision', 'HC_Exception', 'GR_Right_pelvic_isolated_lymphadenectomy', 'HC_Finalization_of_operation', 'LH_Washing', 'CA_Irrigation_and_aspiration', 'LH_Preparation', 'CA_Tonifying_and_antibiotics', 'HC_Mobilization_of_ascending_colon', 'GR_Ligation_of_the_deep_dorsal_venous_complex', 'HC_Mobilization_of_transverse_colon', 'CA_Rhexis', 'HC_Retroperitoneal_preparation_towards_lower_pancreatic_border', 'CA_Phacoemulsificiation', 'CA_Capsule_Polishing', 'GR_Development_of_the_plane_between_the_prostate_and_rectum', 'HC_Mobilization_of_sigmoid_colon_and_descending_colon', 'GR_Seminal_vesicle_dissection', 'HC_Retroperitoneal_preparation_of_duodenum_and_pancreatic_head'}","{'HCH_Galbladder_Dissection', 'HCH_Cleaning_Coagulation', 'M2_Trocar_Placement', 'M2_Clipping_Cutting', 'M2_Preparation', 'HCH_Calot_Triangle_Dissection', 'HCH_Galbladder_Retraction', 'HCH_Preparation', 'M2_Calot_Triangle_Dissection', 'M2_Gallbladder_Dissection', 'M2_Cleaning_Coagulation', 'M2_Gallbladder_Retraction', 'HCH_Galbladder_Packaging', 'HCH_Clipping_Cutting', 'M2_Gallbladder_Packaging'}",1716738172,checkpoint_000039,True,False,40,62b39_00000,2024-05-26_17-42-52,95.43416357040405,4812.693696260452,1762169,fb-OMEN-by-HP-45L-Gaming-Desktop-GT22-0xxx,129.69.82.151,4812.693696260452,40
33.600000753998756,9.395048141479492,3.7957262260604248,0.33600003,7.580126,"{'GR_Severing_of_the_prostate_from_the_urethra', 'HC_Extra-abdominal_preparation_of_anastomosis', 'CA_Lens_implant_setting-up', 'GR_Bladder_neck_reconstruction', 'HC_General_preparation_and_orientation_in_the_abdomen', 'CA_Hydrodissection', 'HC_Creation_of_stoma', 'GR_Bladder_neck_identification_and_transection', 'CA_Viscous_agent_removal', 'LH_Transecting_the_Vagina', 'GR_Prostatic_pedicle_control', 'GR_Idle', 'GR_Left_pelvic_isolated_lymphadenectomy', 'HC_Intra-abdominal_preparation_of_anastomosis', 'LH_Dividing_Uterine_Vessels_and_Ligament', 'LH_Specimen_Removal', 'HC_Dissection_and_resection_of_the_rectum', 'HC_Dissection_of_lymph_nodes_and_blood_vessels_en_bloc', 'HC_Mobilization_of_splenic_flexure', 'LH_Dividing_Ligament_and_Peritoneum', 'LH_Suturing', 'CA_Viscous_agent_injection', 'CA_Incision', 'HC_Exception', 'GR_Right_pelvic_isolated_lymphadenectomy', 'HC_Finalization_of_operation', 'LH_Washing', 'CA_Irrigation_and_aspiration', 'LH_Preparation', 'CA_Tonifying_and_antibiotics', 'HC_Mobilization_of_transverse_colon', 'CA_Rhexis', 'HC_Retroperitoneal_preparation_towards_lower_pancreatic_border', 'CA_Phacoemulsificiation', 'CA_Capsule_Polishing', 'GR_Development_of_the_plane_between_the_prostate_and_rectum', 'GR_Seminal_vesicle_dissection'}","{'HCH_Galbladder_Dissection', 'HCH_Cleaning_Coagulation', 'M2_Trocar_Placement', 'M2_Clipping_Cutting', 'M2_Preparation', 'HCH_Calot_Triangle_Dissection', 'HCH_Galbladder_Retraction', 'HCH_Preparation', 'M2_Calot_Triangle_Dissection', 'M2_Gallbladder_Dissection', 'M2_Cleaning_Coagulation', 'M2_Gallbladder_Retraction', 'HCH_Galbladder_Packaging', 'HCH_Clipping_Cutting', 'M2_Gallbladder_Packaging'}",1716738268,checkpoint_000040,True,False,41,62b39_00000,2024-05-26_17-44-28,96.00086617469788,4908.69456243515,1762169,fb-OMEN-by-HP-45L-Gaming-Desktop-GT22-0xxx,129.69.82.151,4908.69456243515,41
41.20000095665455,12.554892539978027,3.952013400851976,0.36000004,7.0993986,"{'GR_Severing_of_the_prostate_from_the_urethra', 'HC_Extra-abdominal_preparation_of_anastomosis', 'GR_Bladder_neck_reconstruction', 'HC_General_preparation_and_orientation_in_the_abdomen', 'CA_Hydrodissection', 'HC_Creation_of_stoma', 'GR_Bladder_neck_identification_and_transection', 'CA_Viscous_agent_removal', 'LH_Transecting_the_Vagina', 'GR_Prostatic_pedicle_control', 'GR_Idle', 'GR_Left_pelvic_isolated_lymphadenectomy', 'LH_Dividing_Uterine_Vessels_and_Ligament', 'LH_Specimen_Removal', 'HC_Dissection_and_resection_of_the_rectum', 'HC_Dissection_of_lymph_nodes_and_blood_vessels_en_bloc', 'HC_Mobilization_of_splenic_flexure', 'LH_Dividing_Ligament_and_Peritoneum', 'CA_Viscous_agent_injection', 'CA_Incision', 'GR_Right_pelvic_isolated_lymphadenectomy', 'HC_Finalization_of_operation', 'LH_Washing', 'CA_Irrigation_and_aspiration', 'LH_Preparation', 'CA_Tonifying_and_antibiotics', 'HC_Mobilization_of_ascending_colon', 'GR_Ligation_of_the_deep_dorsal_venous_complex', 'HC_Mobilization_of_transverse_colon', 'CA_Rhexis', 'CA_Phacoemulsificiation', 'CA_Capsule_Polishing', 'GR_Development_of_the_plane_between_the_prostate_and_rectum', 'HC_Mobilization_of_sigmoid_colon_and_descending_colon', 'GR_Seminal_vesicle_dissection', 'HC_Retroperitoneal_preparation_of_duodenum_and_pancreatic_head'}","{'HCH_Galbladder_Dissection', 'HCH_Cleaning_Coagulation', 'M2_Trocar_Placement', 'M2_Clipping_Cutting', 'M2_Preparation', 'HCH_Calot_Triangle_Dissection', 'HCH_Galbladder_Retraction', 'HCH_Preparation', 'M2_Calot_Triangle_Dissection', 'M2_Gallbladder_Dissection', 'M2_Cleaning_Coagulation', 'M2_Gallbladder_Retraction', 'HCH_Galbladder_Packaging', 'HCH_Clipping_Cutting', 'M2_Gallbladder_Packaging'}",1716738363,checkpoint_000041,True,False,42,62b39_00000,2024-05-26_17-46-03,95.63115906715393,5004.325721502304,1762169,fb-OMEN-by-HP-45L-Gaming-Desktop-GT22-0xxx,129.69.82.151,5004.325721502304,42
